month,county_join,county_label,state_join,state_label,settlement_count,assessment_count,,,,,
2020-02-01,Juba,Juba,CentralEquatoria,Central Equatoria,429,25,,,,,
2020-02-01,Kajo_keji,Kajo-keji,CentralEquatoria,Central Equatoria,272,18,,,,,
2020-02-01,Lainya,Lainya,CentralEquatoria,Central Equatoria,217,0,,,,,
2020-02-01,Morobo,Morobo,CentralEquatoria,Central Equatoria,137,8,,,,,
2020-02-01,Terekeka,Terekeka,CentralEquatoria,Central Equatoria,371,23,,,,,
2020-02-01,Yei,Yei,CentralEquatoria,Central Equatoria,254,16,,,,,
2020-02-01,Budi,Budi,EasternEquatoria,Eastern Equatoria,232,19,,,,,
2020-02-01,Ikotos,Ikotos,EasternEquatoria,Eastern Equatoria,231,0,,,,,
2020-02-01,KapoetaEast,Kapoeta East,EasternEquatoria,Eastern Equatoria,536,64,,,,,
2020-02-01,KapoetaNorth,Kapoeta North,EasternEquatoria,Eastern Equatoria,179,27,,,,,
2020-02-01,KapoetaSouth,Kapoeta South,EasternEquatoria,Eastern Equatoria,83,14,,,,,
2020-02-01,Lafon,Lafon,EasternEquatoria,Eastern Equatoria,99,0,,,,,
2020-02-01,Magwi,Magwi,EasternEquatoria,Eastern Equatoria,139,8,,,,,
2020-02-01,Torit,Torit,EasternEquatoria,Eastern Equatoria,242,20,,,,,
2020-02-01,Akobo,Akobo,Jonglei,Jonglei,189,55,,,,,
2020-02-01,Ayod,Ayod,Jonglei,Jonglei,274,38,,,,,
2020-02-01,BorSouth,Bor South,Jonglei,Jonglei,420,59,,,,,
2020-02-01,CanalPigi,Canal/Pigi,Jonglei,Jonglei,128,27,,,,,
2020-02-01,Duk,Duk,Jonglei,Jonglei,126,17,,,,,
2020-02-01,Fangak,Fangak,Jonglei,Jonglei,218,36,,,,,
2020-02-01,Nyirol,Nyirol,Jonglei,Jonglei,223,26,,,,,
2020-02-01,Pibor,Pibor,Jonglei,Jonglei,354,0,,,,,
2020-02-01,Pochalla,Pochalla,Jonglei,Jonglei,75,0,,,,,
2020-02-01,TwicEast,Twic East,Jonglei,Jonglei,222,25,,,,,
2020-02-01,Uror,Uror,Jonglei,Jonglei,212,26,,,,,
2020-02-01,Awerial,Awerial,Lakes,Lakes,203,58,,,,,
2020-02-01,Cueibet,Cueibet,Lakes,Lakes,396,24,,,,,
2020-02-01,RumbekCentre,Rumbek Centre,Lakes,Lakes,374,41,,,,,
2020-02-01,RumbekEast,Rumbek East,Lakes,Lakes,392,24,,,,,
2020-02-01,RumbekNorth,Rumbek North,Lakes,Lakes,119,21,,,,,
2020-02-01,Wulu,Wulu,Lakes,Lakes,145,10,,,,,
2020-02-01,YirolEast,Yirol East,Lakes,Lakes,367,43,,,,,
2020-02-01,YirolWest,Yirol West,Lakes,Lakes,359,43,,,,,
2020-02-01,AweilCentre,Aweil Centre,NorthernBahrelGhazal,Northern Bahr el Ghazal,217,38,,,,,
2020-02-01,AweilEast,Aweil East,NorthernBahrelGhazal,Northern Bahr el Ghazal,714,65,,,,,
2020-02-01,AweilNorth,Aweil North,NorthernBahrelGhazal,Northern Bahr el Ghazal,352,54,,,,,
2020-02-01,AweilSouth,Aweil South,NorthernBahrelGhazal,Northern Bahr el Ghazal,316,34,,,,,
2020-02-01,AweilWest,Aweil West,NorthernBahrelGhazal,Northern Bahr el Ghazal,370,44,,,,,
2020-02-01,Abiemnhom,Abiemnhom,Unity,Unity,23,15,,,,,
2020-02-01,Guit,Guit,Unity,Unity,194,22,,,,,
2020-02-01,Koch,Koch,Unity,Unity,437,34,,,,,
2020-02-01,Leer,Leer,Unity,Unity,346,33,,,,,
2020-02-01,Mayendit,Mayendit,Unity,Unity,367,34,,,,,
2020-02-01,Mayom,Mayom,Unity,Unity,163,22,,,,,
2020-02-01,Panyijiar,Panyijiar,Unity,Unity,479,35,,,,,
2020-02-01,Pariang,Pariang,Unity,Unity,188,63,,,,,
2020-02-01,Rubkona,Rubkona,Unity,Unity,290,26,,,,,
2020-02-01,Baliet,Baliet,UpperNile,Upper Nile,130,17,,,,,
2020-02-01,Fashoda,Fashoda,UpperNile,Upper Nile,199,40,,,,,
2020-02-01,Longochuk,Longochuk,UpperNile,Upper Nile,101,0,,,,,
2020-02-01,LuakpinyNasir,Luakpiny/Nasir,UpperNile,Upper Nile,156,26,,,,,
2020-02-01,Maban,Maban,UpperNile,Upper Nile,123,14,,,,,
2020-02-01,Maiwut,Maiwut,UpperNile,Upper Nile,82,0,,,,,
2020-02-01,Malakal,Malakal,UpperNile,Upper Nile,120,27,,,,,
2020-02-01,Manyo,Manyo,UpperNile,Upper Nile,82,14,,,,,
2020-02-01,Melut,Melut,UpperNile,Upper Nile,220,21,,,,,
2020-02-01,Panyikang,Panyikang,UpperNile,Upper Nile,97,21,,,,,
2020-02-01,Renk,Renk,UpperNile,Upper Nile,287,32,,,,,
2020-02-01,Ulang,Ulang,UpperNile,Upper Nile,139,30,,,,,
2020-02-01,GogrialEast,Gogrial East,Warrap,Warrap,263,15,,,,,
2020-02-01,GogrialWest,Gogrial West,Warrap,Warrap,358,23,,,,,
2020-02-01,TonjEast,Tonj East,Warrap,Warrap,73,10,,,,,
2020-02-01,TonjNorth,Tonj North,Warrap,Warrap,378,35,,,,,
2020-02-01,TonjSouth,Tonj South,Warrap,Warrap,91,13,,,,,
2020-02-01,Twic,Twic,Warrap,Warrap,358,45,,,,,
2020-02-01,JurRiver,Jur River,WesternBahrelGhazal,Western Bahr el Ghazal,812,68,,,,,
2020-02-01,Raja,Raja,WesternBahrelGhazal,Western Bahr el Ghazal,342,48,,,,,
2020-02-01,Wau,Wau,WesternBahrelGhazal,Western Bahr el Ghazal,345,65,,,,,
2020-02-01,Ezo,Ezo,WesternEquatoria,Western Equatoria,140,13,,,,,
2020-02-01,Ibba,Ibba,WesternEquatoria,Western Equatoria,89,20,,,,,
2020-02-01,Maridi,Maridi,WesternEquatoria,Western Equatoria,215,24,,,,,
2020-02-01,MundriEast,Mundri East,WesternEquatoria,Western Equatoria,121,19,,,,,
2020-02-01,MundriWest,Mundri West,WesternEquatoria,Western Equatoria,163,22,,,,,
2020-02-01,Mvolo,Mvolo,WesternEquatoria,Western Equatoria,145,20,,,,,
2020-02-01,Nagero,Nagero,WesternEquatoria,Western Equatoria,46,5,,,,,
2020-02-01,Nzara,Nzara,WesternEquatoria,Western Equatoria,145,14,,,,,
2020-02-01,Tambura,Tambura,WesternEquatoria,Western Equatoria,169,20,,,,,
2020-02-01,Yambio,Yambio,WesternEquatoria,Western Equatoria,215,29,,,,,
2020-01-01,Juba,Juba,CentralEquatoria,Central Equatoria,430,27,,,,,
2020-01-01,Kajo_keji,Kajo-keji,CentralEquatoria,Central Equatoria,272,16,,,,,
2020-01-01,Lainya,Lainya,CentralEquatoria,Central Equatoria,217,0,,,,,
2020-01-01,Morobo,Morobo,CentralEquatoria,Central Equatoria,137,0,,,,,
2020-01-01,Terekeka,Terekeka,CentralEquatoria,Central Equatoria,371,27,,,,,
2020-01-01,Yei,Yei,CentralEquatoria,Central Equatoria,254,17,,,,,
2020-01-01,Budi,Budi,EasternEquatoria,Eastern Equatoria,232,17,,,,,
2020-01-01,Ikotos,Ikotos,EasternEquatoria,Eastern Equatoria,231,0,,,,,
2020-01-01,KapoetaEast,Kapoeta East,EasternEquatoria,Eastern Equatoria,536,57,,,,,
2020-01-01,KapoetaNorth,Kapoeta North,EasternEquatoria,Eastern Equatoria,179,27,,,,,
2020-01-01,KapoetaSouth,Kapoeta South,EasternEquatoria,Eastern Equatoria,83,14,,,,,
2020-01-01,Lafon,Lafon,EasternEquatoria,Eastern Equatoria,99,0,,,,,
2020-01-01,Magwi,Magwi,EasternEquatoria,Eastern Equatoria,139,10,,,,,
2020-01-01,Torit,Torit,EasternEquatoria,Eastern Equatoria,242,16,,,,,
2020-01-01,Akobo,Akobo,Jonglei,Jonglei,189,49,,,,,
2020-01-01,Ayod,Ayod,Jonglei,Jonglei,274,36,,,,,
2020-01-01,BorSouth,Bor South,Jonglei,Jonglei,420,52,,,,,
2020-01-01,CanalPigi,Canal/Pigi,Jonglei,Jonglei,128,27,,,,,
2020-01-01,Duk,Duk,Jonglei,Jonglei,126,18,,,,,
2020-01-01,Fangak,Fangak,Jonglei,Jonglei,218,36,,,,,
2020-01-01,Nyirol,Nyirol,Jonglei,Jonglei,223,25,,,,,
2020-01-01,Pibor,Pibor,Jonglei,Jonglei,354,0,,,,,
2020-01-01,Pochalla,Pochalla,Jonglei,Jonglei,75,0,,,,,
2020-01-01,TwicEast,Twic East,Jonglei,Jonglei,222,37,,,,,
2020-01-01,Uror,Uror,Jonglei,Jonglei,212,28,,,,,
2020-01-01,Awerial,Awerial,Lakes,Lakes,203,40,,,,,
2020-01-01,Cueibet,Cueibet,Lakes,Lakes,396,23,,,,,
2020-01-01,RumbekCentre,Rumbek Centre,Lakes,Lakes,374,35,,,,,
2020-01-01,RumbekEast,Rumbek East,Lakes,Lakes,392,29,,,,,
2020-01-01,RumbekNorth,Rumbek North,Lakes,Lakes,119,17,,,,,
2020-01-01,Wulu,Wulu,Lakes,Lakes,145,17,,,,,
2020-01-01,YirolEast,Yirol East,Lakes,Lakes,367,35,,,,,
2020-01-01,YirolWest,Yirol West,Lakes,Lakes,359,39,,,,,
2020-01-01,AweilCentre,Aweil Centre,NorthernBahrelGhazal,Northern Bahr el Ghazal,217,33,,,,,
2020-01-01,AweilEast,Aweil East,NorthernBahrelGhazal,Northern Bahr el Ghazal,714,77,,,,,
2020-01-01,AweilNorth,Aweil North,NorthernBahrelGhazal,Northern Bahr el Ghazal,352,63,,,,,
2020-01-01,AweilSouth,Aweil South,NorthernBahrelGhazal,Northern Bahr el Ghazal,316,38,,,,,
2020-01-01,AweilWest,Aweil West,NorthernBahrelGhazal,Northern Bahr el Ghazal,370,45,,,,,
2020-01-01,Abiemnhom,Abiemnhom,Unity,Unity,23,13,,,,,
2020-01-01,Guit,Guit,Unity,Unity,194,29,,,,,
2020-01-01,Koch,Koch,Unity,Unity,437,33,,,,,
2020-01-01,Leer,Leer,Unity,Unity,346,41,,,,,
2020-01-01,Mayendit,Mayendit,Unity,Unity,367,40,,,,,
2020-01-01,Mayom,Mayom,Unity,Unity,163,19,,,,,
2020-01-01,Panyijiar,Panyijiar,Unity,Unity,479,36,,,,,
2020-01-01,Pariang,Pariang,Unity,Unity,188,62,,,,,
2020-01-01,Rubkona,Rubkona,Unity,Unity,290,35,,,,,
2020-01-01,Baliet,Baliet,UpperNile,Upper Nile,131,17,,,,,
2020-01-01,Fashoda,Fashoda,UpperNile,Upper Nile,199,40,,,,,
2020-01-01,Longochuk,Longochuk,UpperNile,Upper Nile,101,0,,,,,
2020-01-01,LuakpinyNasir,Luakpiny/Nasir,UpperNile,Upper Nile,156,31,,,,,
2020-01-01,Maban,Maban,UpperNile,Upper Nile,123,17,,,,,
2020-01-01,Maiwut,Maiwut,UpperNile,Upper Nile,82,0,,,,,
2020-01-01,Malakal,Malakal,UpperNile,Upper Nile,121,26,,,,,
2020-01-01,Manyo,Manyo,UpperNile,Upper Nile,83,13,,,,,
2020-01-01,Melut,Melut,UpperNile,Upper Nile,220,25,,,,,
2020-01-01,Panyikang,Panyikang,UpperNile,Upper Nile,98,20,,,,,
2020-01-01,Renk,Renk,UpperNile,Upper Nile,287,32,,,,,
2020-01-01,Ulang,Ulang,UpperNile,Upper Nile,139,31,,,,,
2020-01-01,GogrialEast,Gogrial East,Warrap,Warrap,263,36,,,,,
2020-01-01,GogrialWest,Gogrial West,Warrap,Warrap,358,32,,,,,
2020-01-01,TonjEast,Tonj East,Warrap,Warrap,73,8,,,,,
2020-01-01,TonjNorth,Tonj North,Warrap,Warrap,378,42,,,,,
2020-01-01,TonjSouth,Tonj South,Warrap,Warrap,91,13,,,,,
2020-01-01,Twic,Twic,Warrap,Warrap,358,39,,,,,
2020-01-01,JurRiver,Jur River,WesternBahrelGhazal,Western Bahr el Ghazal,812,66,,,,,
2020-01-01,Raja,Raja,WesternBahrelGhazal,Western Bahr el Ghazal,345,45,,,,,
2020-01-01,Wau,Wau,WesternBahrelGhazal,Western Bahr el Ghazal,345,59,,,,,
2020-01-01,Ezo,Ezo,WesternEquatoria,Western Equatoria,140,19,,,,,
2020-01-01,Ibba,Ibba,WesternEquatoria,Western Equatoria,89,19,,,,,
2020-01-01,Maridi,Maridi,WesternEquatoria,Western Equatoria,215,20,,,,,
2020-01-01,MundriEast,Mundri East,WesternEquatoria,Western Equatoria,121,23,,,,,
2020-01-01,MundriWest,Mundri West,WesternEquatoria,Western Equatoria,163,22,,,,,
2020-01-01,Mvolo,Mvolo,WesternEquatoria,Western Equatoria,145,26,,,,,
2020-01-01,Nagero,Nagero,WesternEquatoria,Western Equatoria,46,6,,,,,
2020-01-01,Nzara,Nzara,WesternEquatoria,Western Equatoria,145,18,,,,,
2020-01-01,Tambura,Tambura,WesternEquatoria,Western Equatoria,169,15,,,,,
2020-01-01,Yambio,Yambio,WesternEquatoria,Western Equatoria,215,34,,,,,
2019-12-01,Juba,Juba,CentralEquatoria,Central Equatoria,430,24,,,,,
2019-12-01,Kajo_keji,Kajo-keji,CentralEquatoria,Central Equatoria,270,15,,,,,
2019-12-01,Lainya,Lainya,CentralEquatoria,Central Equatoria,217,0,,,,,
2019-12-01,Morobo,Morobo,CentralEquatoria,Central Equatoria,137,0,,,,,
2019-12-01,Terekeka,Terekeka,CentralEquatoria,Central Equatoria,371,19,,,,,
2019-12-01,Yei,Yei,CentralEquatoria,Central Equatoria,254,13,,,,,
2019-12-01,Budi,Budi,EasternEquatoria,Eastern Equatoria,230,17,,,,,
2019-12-01,Ikotos,Ikotos,EasternEquatoria,Eastern Equatoria,231,0,,,,,
2019-12-01,KapoetaEast,Kapoeta East,EasternEquatoria,Eastern Equatoria,531,48,,,,,
2019-12-01,KapoetaNorth,Kapoeta North,EasternEquatoria,Eastern Equatoria,173,20,,,,,
2019-12-01,KapoetaSouth,Kapoeta South,EasternEquatoria,Eastern Equatoria,77,12,,,,,
2019-12-01,Lafon,Lafon,EasternEquatoria,Eastern Equatoria,99,0,,,,,
2019-12-01,Magwi,Magwi,EasternEquatoria,Eastern Equatoria,137,8,,,,,
2019-12-01,Torit,Torit,EasternEquatoria,Eastern Equatoria,242,12,,,,,
2019-12-01,Akobo,Akobo,Jonglei,Jonglei,189,36,,,,,
2019-12-01,Ayod,Ayod,Jonglei,Jonglei,274,38,,,,,
2019-12-01,BorSouth,Bor South,Jonglei,Jonglei,420,41,,,,,
2019-12-01,CanalPigi,Canal/Pigi,Jonglei,Jonglei,128,24,,,,,
2019-12-01,Duk,Duk,Jonglei,Jonglei,126,15,,,,,
2019-12-01,Fangak,Fangak,Jonglei,Jonglei,218,30,,,,,
2019-12-01,Nyirol,Nyirol,Jonglei,Jonglei,223,24,,,,,
2019-12-01,Pibor,Pibor,Jonglei,Jonglei,354,0,,,,,
2019-12-01,Pochalla,Pochalla,Jonglei,Jonglei,75,0,,,,,
2019-12-01,TwicEast,Twic East,Jonglei,Jonglei,222,21,,,,,
2019-12-01,Uror,Uror,Jonglei,Jonglei,212,24,,,,,
2019-12-01,Awerial,Awerial,Lakes,Lakes,203,50,,,,,
2019-12-01,Cueibet,Cueibet,Lakes,Lakes,395,24,,,,,
2019-12-01,RumbekCentre,Rumbek Centre,Lakes,Lakes,371,32,,,,,
2019-12-01,RumbekEast,Rumbek East,Lakes,Lakes,388,21,,,,,
2019-12-01,RumbekNorth,Rumbek North,Lakes,Lakes,116,11,,,,,
2019-12-01,Wulu,Wulu,Lakes,Lakes,142,9,,,,,
2019-12-01,YirolEast,Yirol East,Lakes,Lakes,367,51,,,,,
2019-12-01,YirolWest,Yirol West,Lakes,Lakes,359,44,,,,,
2019-12-01,AweilCentre,Aweil Centre,NorthernBahrelGhazal,Northern Bahr el Ghazal,217,27,,,,,
2019-12-01,AweilEast,Aweil East,NorthernBahrelGhazal,Northern Bahr el Ghazal,714,52,,,,,
2019-12-01,AweilNorth,Aweil North,NorthernBahrelGhazal,Northern Bahr el Ghazal,352,55,,,,,
2019-12-01,AweilSouth,Aweil South,NorthernBahrelGhazal,Northern Bahr el Ghazal,316,27,,,,,
2019-12-01,AweilWest,Aweil West,NorthernBahrelGhazal,Northern Bahr el Ghazal,370,41,,,,,
2019-12-01,Abiemnhom,Abiemnhom,Unity,Unity,23,9,,,,,
2019-12-01,Guit,Guit,Unity,Unity,194,14,,,,,
2019-12-01,Koch,Koch,Unity,Unity,437,38,,,,,
2019-12-01,Leer,Leer,Unity,Unity,346,28,,,,,
2019-12-01,Mayendit,Mayendit,Unity,Unity,367,36,,,,,
2019-12-01,Mayom,Mayom,Unity,Unity,163,21,,,,,
2019-12-01,Panyijiar,Panyijiar,Unity,Unity,479,29,,,,,
2019-12-01,Pariang,Pariang,Unity,Unity,183,48,,,,,
2019-12-01,Rubkona,Rubkona,Unity,Unity,289,26,,,,,
2019-12-01,Baliet,Baliet,UpperNile,Upper Nile,130,16,,,,,
2019-12-01,Fashoda,Fashoda,UpperNile,Upper Nile,199,6,,,,,
2019-12-01,Longochuk,Longochuk,UpperNile,Upper Nile,101,0,,,,,
2019-12-01,LuakpinyNasir,Luakpiny/Nasir,UpperNile,Upper Nile,156,21,,,,,
2019-12-01,Maban,Maban,UpperNile,Upper Nile,123,13,,,,,
2019-12-01,Maiwut,Maiwut,UpperNile,Upper Nile,82,0,,,,,
2019-12-01,Malakal,Malakal,UpperNile,Upper Nile,121,18,,,,,
2019-12-01,Manyo,Manyo,UpperNile,Upper Nile,81,10,,,,,
2019-12-01,Melut,Melut,UpperNile,Upper Nile,220,29,,,,,
2019-12-01,Panyikang,Panyikang,UpperNile,Upper Nile,98,8,,,,,
2019-12-01,Renk,Renk,UpperNile,Upper Nile,287,39,,,,,
2019-12-01,Ulang,Ulang,UpperNile,Upper Nile,139,28,,,,,
2019-12-01,GogrialEast,Gogrial East,Warrap,Warrap,256,19,,,,,
2019-12-01,GogrialWest,Gogrial West,Warrap,Warrap,355,28,,,,,
2019-12-01,TonjEast,Tonj East,Warrap,Warrap,73,9,,,,,
2019-12-01,TonjNorth,Tonj North,Warrap,Warrap,378,38,,,,,
2019-12-01,TonjSouth,Tonj South,Warrap,Warrap,91,14,,,,,
2019-12-01,Twic,Twic,Warrap,Warrap,355,35,,,,,
2019-12-01,JurRiver,Jur River,WesternBahrelGhazal,Western Bahr el Ghazal,812,80,,,,,
2019-12-01,Raja,Raja,WesternBahrelGhazal,Western Bahr el Ghazal,345,38,,,,,
2019-12-01,Wau,Wau,WesternBahrelGhazal,Western Bahr el Ghazal,345,53,,,,,
2019-12-01,Ezo,Ezo,WesternEquatoria,Western Equatoria,139,13,,,,,
2019-12-01,Ibba,Ibba,WesternEquatoria,Western Equatoria,89,13,,,,,
2019-12-01,Maridi,Maridi,WesternEquatoria,Western Equatoria,215,14,,,,,
2019-12-01,MundriEast,Mundri East,WesternEquatoria,Western Equatoria,121,11,,,,,
2019-12-01,MundriWest,Mundri West,WesternEquatoria,Western Equatoria,163,9,,,,,
2019-12-01,Mvolo,Mvolo,WesternEquatoria,Western Equatoria,145,10,,,,,
2019-12-01,Nagero,Nagero,WesternEquatoria,Western Equatoria,46,6,,,,,
2019-12-01,Nzara,Nzara,WesternEquatoria,Western Equatoria,144,17,,,,,
2019-12-01,Tambura,Tambura,WesternEquatoria,Western Equatoria,169,14,,,,,
2019-12-01,Yambio,Yambio,WesternEquatoria,Western Equatoria,215,16,,,,,
2019-11-01,Juba,Juba,CentralEquatoria,Central Equatoria,430,22,,,,,
2019-11-01,Kajo_keji,Kajo-keji,CentralEquatoria,Central Equatoria,270,13,,,,,
2019-11-01,Lainya,Lainya,CentralEquatoria,Central Equatoria,217,0,,,,,
2019-11-01,Morobo,Morobo,CentralEquatoria,Central Equatoria,137,6,,,,,
2019-11-01,Terekeka,Terekeka,CentralEquatoria,Central Equatoria,371,24,,,,,
2019-11-01,Yei,Yei,CentralEquatoria,Central Equatoria,254,19,,,,,
2019-11-01,Budi,Budi,EasternEquatoria,Eastern Equatoria,227,20,,,,,
2019-11-01,Ikotos,Ikotos,EasternEquatoria,Eastern Equatoria,231,0,,,,,
2019-11-01,KapoetaEast,Kapoeta East,EasternEquatoria,Eastern Equatoria,526,45,,,,,
2019-11-01,KapoetaNorth,Kapoeta North,EasternEquatoria,Eastern Equatoria,171,18,,,,,
2019-11-01,KapoetaSouth,Kapoeta South,EasternEquatoria,Eastern Equatoria,75,8,,,,,
2019-11-01,Lafon,Lafon,EasternEquatoria,Eastern Equatoria,99,0,,,,,
2019-11-01,Magwi,Magwi,EasternEquatoria,Eastern Equatoria,136,8,,,,,
2019-11-01,Torit,Torit,EasternEquatoria,Eastern Equatoria,242,18,,,,,
2019-11-01,Akobo,Akobo,Jonglei,Jonglei,189,48,,,,,
2019-11-01,Ayod,Ayod,Jonglei,Jonglei,274,38,,,,,
2019-11-01,BorSouth,Bor South,Jonglei,Jonglei,420,53,,,,,
2019-11-01,CanalPigi,Canal/Pigi,Jonglei,Jonglei,128,28,,,,,
2019-11-01,Duk,Duk,Jonglei,Jonglei,126,18,,,,,
2019-11-01,Fangak,Fangak,Jonglei,Jonglei,218,35,,,,,
2019-11-01,Nyirol,Nyirol,Jonglei,Jonglei,222,28,,,,,
2019-11-01,Pibor,Pibor,Jonglei,Jonglei,354,0,,,,,
2019-11-01,Pochalla,Pochalla,Jonglei,Jonglei,75,0,,,,,
2019-11-01,TwicEast,Twic East,Jonglei,Jonglei,222,23,,,,,
2019-11-01,Uror,Uror,Jonglei,Jonglei,212,26,,,,,
2019-11-01,Awerial,Awerial,Lakes,Lakes,203,72,,,,,
2019-11-01,Cueibet,Cueibet,Lakes,Lakes,388,20,,,,,
2019-11-01,RumbekCentre,Rumbek Centre,Lakes,Lakes,367,31,,,,,
2019-11-01,RumbekEast,Rumbek East,Lakes,Lakes,385,24,,,,,
2019-11-01,RumbekNorth,Rumbek North,Lakes,Lakes,116,8,,,,,
2019-11-01,Wulu,Wulu,Lakes,Lakes,138,7,,,,,
2019-11-01,YirolEast,Yirol East,Lakes,Lakes,367,68,,,,,
2019-11-01,YirolWest,Yirol West,Lakes,Lakes,359,64,,,,,
2019-11-01,AweilCentre,Aweil Centre,NorthernBahrelGhazal,Northern Bahr el Ghazal,217,46,,,,,
2019-11-01,AweilEast,Aweil East,NorthernBahrelGhazal,Northern Bahr el Ghazal,714,88,,,,,
2019-11-01,AweilNorth,Aweil North,NorthernBahrelGhazal,Northern Bahr el Ghazal,352,70,,,,,
2019-11-01,AweilSouth,Aweil South,NorthernBahrelGhazal,Northern Bahr el Ghazal,316,51,,,,,
2019-11-01,AweilWest,Aweil West,NorthernBahrelGhazal,Northern Bahr el Ghazal,370,51,,,,,
2019-11-01,Abiemnhom,Abiemnhom,Unity,Unity,23,10,,,,,
2019-11-01,Guit,Guit,Unity,Unity,194,18,,,,,
2019-11-01,Koch,Koch,Unity,Unity,437,28,,,,,
2019-11-01,Leer,Leer,Unity,Unity,346,40,,,,,
2019-11-01,Mayendit,Mayendit,Unity,Unity,366,42,,,,,
2019-11-01,Mayom,Mayom,Unity,Unity,163,16,,,,,
2019-11-01,Panyijiar,Panyijiar,Unity,Unity,479,43,,,,,
2019-11-01,Pariang,Pariang,Unity,Unity,177,88,,,,,
2019-11-01,Rubkona,Rubkona,Unity,Unity,289,27,,,,,
2019-11-01,Baliet,Baliet,UpperNile,Upper Nile,130,19,,,,,
2019-11-01,Fashoda,Fashoda,UpperNile,Upper Nile,199,40,,,,,
2019-11-01,Longochuk,Longochuk,UpperNile,Upper Nile,101,0,,,,,
2019-11-01,LuakpinyNasir,Luakpiny/Nasir,UpperNile,Upper Nile,156,26,,,,,
2019-11-01,Maban,Maban,UpperNile,Upper Nile,122,15,,,,,
2019-11-01,Maiwut,Maiwut,UpperNile,Upper Nile,82,0,,,,,
2019-11-01,Malakal,Malakal,UpperNile,Upper Nile,121,28,,,,,
2019-11-01,Manyo,Manyo,UpperNile,Upper Nile,81,12,,,,,
2019-11-01,Melut,Melut,UpperNile,Upper Nile,219,31,,,,,
2019-11-01,Panyikang,Panyikang,UpperNile,Upper Nile,98,23,,,,,
2019-11-01,Renk,Renk,UpperNile,Upper Nile,287,40,,,,,
2019-11-01,Ulang,Ulang,UpperNile,Upper Nile,139,31,,,,,
2019-11-01,GogrialEast,Gogrial East,Warrap,Warrap,252,28,,,,,
2019-11-01,GogrialWest,Gogrial West,Warrap,Warrap,350,40,,,,,
2019-11-01,TonjEast,Tonj East,Warrap,Warrap,73,8,,,,,
2019-11-01,TonjNorth,Tonj North,Warrap,Warrap,378,38,,,,,
2019-11-01,TonjSouth,Tonj South,Warrap,Warrap,91,12,,,,,
2019-11-01,Twic,Twic,Warrap,Warrap,350,38,,,,,
2019-11-01,JurRiver,Jur River,WesternBahrelGhazal,Western Bahr el Ghazal,812,60,,,,,
2019-11-01,Raja,Raja,WesternBahrelGhazal,Western Bahr el Ghazal,345,42,,,,,
2019-11-01,Wau,Wau,WesternBahrelGhazal,Western Bahr el Ghazal,345,56,,,,,
2019-11-01,Ezo,Ezo,WesternEquatoria,Western Equatoria,139,14,,,,,
2019-11-01,Ibba,Ibba,WesternEquatoria,Western Equatoria,89,19,,,,,
2019-11-01,Maridi,Maridi,WesternEquatoria,Western Equatoria,215,18,,,,,
2019-11-01,MundriEast,Mundri East,WesternEquatoria,Western Equatoria,121,22,,,,,
2019-11-01,MundriWest,Mundri West,WesternEquatoria,Western Equatoria,163,15,,,,,
2019-11-01,Mvolo,Mvolo,WesternEquatoria,Western Equatoria,145,18,,,,,
2019-11-01,Nagero,Nagero,WesternEquatoria,Western Equatoria,46,4,,,,,
2019-11-01,Nzara,Nzara,WesternEquatoria,Western Equatoria,144,15,,,,,
2019-11-01,Tambura,Tambura,WesternEquatoria,Western Equatoria,168,15,,,,,
2019-11-01,Yambio,Yambio,WesternEquatoria,Western Equatoria,215,18,,,,,
2019-10-01,Juba,Juba,CentralEquatoria,Central Equatoria,428,37,,,,,
2019-10-01,Kajo_keji,Kajo-keji,CentralEquatoria,Central Equatoria,270,14,,,,,
2019-10-01,Lainya,Lainya,CentralEquatoria,Central Equatoria,217,1,,,,,
2019-10-01,Morobo,Morobo,CentralEquatoria,Central Equatoria,137,0,,,,,
2019-10-01,Terekeka,Terekeka,CentralEquatoria,Central Equatoria,371,31,,,,,
2019-10-01,Yei,Yei,CentralEquatoria,Central Equatoria,254,23,,,,,
2019-10-01,Budi,Budi,EasternEquatoria,Eastern Equatoria,226,13,,,,,
2019-10-01,Ikotos,Ikotos,EasternEquatoria,Eastern Equatoria,231,0,,,,,
2019-10-01,KapoetaEast,Kapoeta East,EasternEquatoria,Eastern Equatoria,520,34,,,,,
2019-10-01,KapoetaNorth,Kapoeta North,EasternEquatoria,Eastern Equatoria,167,11,,,,,
2019-10-01,KapoetaSouth,Kapoeta South,EasternEquatoria,Eastern Equatoria,74,6,,,,,
2019-10-01,Lafon,Lafon,EasternEquatoria,Eastern Equatoria,99,0,,,,,
2019-10-01,Magwi,Magwi,EasternEquatoria,Eastern Equatoria,135,9,,,,,
2019-10-01,Torit,Torit,EasternEquatoria,Eastern Equatoria,242,18,,,,,
2019-10-01,Akobo,Akobo,Jonglei,Jonglei,189,45,,,,,
2019-10-01,Ayod,Ayod,Jonglei,Jonglei,274,48,,,,,
2019-10-01,BorSouth,Bor South,Jonglei,Jonglei,420,54,,,,,
2019-10-01,CanalPigi,Canal/Pigi,Jonglei,Jonglei,128,30,,,,,
2019-10-01,Duk,Duk,Jonglei,Jonglei,126,19,,,,,
2019-10-01,Fangak,Fangak,Jonglei,Jonglei,218,40,,,,,
2019-10-01,Nyirol,Nyirol,Jonglei,Jonglei,222,24,,,,,
2019-10-01,Pibor,Pibor,Jonglei,Jonglei,354,0,,,,,
2019-10-01,Pochalla,Pochalla,Jonglei,Jonglei,75,0,,,,,
2019-10-01,TwicEast,Twic East,Jonglei,Jonglei,222,28,,,,,
2019-10-01,Uror,Uror,Jonglei,Jonglei,212,29,,,,,
2019-10-01,Awerial,Awerial,Lakes,Lakes,199,81,,,,,
2019-10-01,Cueibet,Cueibet,Lakes,Lakes,386,0,,,,,
2019-10-01,RumbekCentre,Rumbek Centre,Lakes,Lakes,367,0,,,,,
2019-10-01,RumbekEast,Rumbek East,Lakes,Lakes,384,0,,,,,
2019-10-01,RumbekNorth,Rumbek North,Lakes,Lakes,114,0,,,,,
2019-10-01,Wulu,Wulu,Lakes,Lakes,137,0,,,,,
2019-10-01,YirolEast,Yirol East,Lakes,Lakes,367,75,,,,,
2019-10-01,YirolWest,Yirol West,Lakes,Lakes,359,69,,,,,
2019-10-01,AweilCentre,Aweil Centre,NorthernBahrelGhazal,Northern Bahr el Ghazal,217,48,,,,,
2019-10-01,AweilEast,Aweil East,NorthernBahrelGhazal,Northern Bahr el Ghazal,714,100,,,,,
2019-10-01,AweilNorth,Aweil North,NorthernBahrelGhazal,Northern Bahr el Ghazal,352,85,,,,,
2019-10-01,AweilSouth,Aweil South,NorthernBahrelGhazal,Northern Bahr el Ghazal,316,50,,,,,
2019-10-01,AweilWest,Aweil West,NorthernBahrelGhazal,Northern Bahr el Ghazal,370,57,,,,,
2019-10-01,Abiemnhom,Abiemnhom,Unity,Unity,23,12,,,,,
2019-10-01,Guit,Guit,Unity,Unity,194,32,,,,,
2019-10-01,Koch,Koch,Unity,Unity,437,21,,,,,
2019-10-01,Leer,Leer,Unity,Unity,346,50,,,,,
2019-10-01,Mayendit,Mayendit,Unity,Unity,366,52,,,,,
2019-10-01,Mayom,Mayom,Unity,Unity,163,11,,,,,
2019-10-01,Panyijiar,Panyijiar,Unity,Unity,479,70,,,,,
2019-10-01,Pariang,Pariang,Unity,Unity,177,66,,,,,
2019-10-01,Rubkona,Rubkona,Unity,Unity,289,48,,,,,
2019-10-01,Baliet,Baliet,UpperNile,Upper Nile,130,18,,,,,
2019-10-01,Fashoda,Fashoda,UpperNile,Upper Nile,199,40,,,,,
2019-10-01,Longochuk,Longochuk,UpperNile,Upper Nile,101,0,,,,,
2019-10-01,LuakpinyNasir,Luakpiny/Nasir,UpperNile,Upper Nile,155,26,,,,,
2019-10-01,Maban,Maban,UpperNile,Upper Nile,122,16,,,,,
2019-10-01,Maiwut,Maiwut,UpperNile,Upper Nile,82,0,,,,,
2019-10-01,Malakal,Malakal,UpperNile,Upper Nile,121,27,,,,,
2019-10-01,Manyo,Manyo,UpperNile,Upper Nile,81,11,,,,,
2019-10-01,Melut,Melut,UpperNile,Upper Nile,219,29,,,,,
2019-10-01,Panyikang,Panyikang,UpperNile,Upper Nile,98,21,,,,,
2019-10-01,Renk,Renk,UpperNile,Upper Nile,287,49,,,,,
2019-10-01,Ulang,Ulang,UpperNile,Upper Nile,139,29,,,,,
2019-10-01,GogrialEast,Gogrial East,Warrap,Warrap,242,20,,,,,
2019-10-01,GogrialWest,Gogrial West,Warrap,Warrap,350,31,,,,,
2019-10-01,TonjEast,Tonj East,Warrap,Warrap,73,12,,,,,
2019-10-01,TonjNorth,Tonj North,Warrap,Warrap,378,43,,,,,
2019-10-01,TonjSouth,Tonj South,Warrap,Warrap,91,15,,,,,
2019-10-01,Twic,Twic,Warrap,Warrap,344,34,,,,,
2019-10-01,JurRiver,Jur River,WesternBahrelGhazal,Western Bahr el Ghazal,812,78,,,,,
2019-10-01,Raja,Raja,WesternBahrelGhazal,Western Bahr el Ghazal,345,45,,,,,
2019-10-01,Wau,Wau,WesternBahrelGhazal,Western Bahr el Ghazal,345,64,,,,,
2019-10-01,Ezo,Ezo,WesternEquatoria,Western Equatoria,139,21,,,,,
2019-10-01,Ibba,Ibba,WesternEquatoria,Western Equatoria,89,20,,,,,
2019-10-01,Maridi,Maridi,WesternEquatoria,Western Equatoria,215,23,,,,,
2019-10-01,MundriEast,Mundri East,WesternEquatoria,Western Equatoria,121,24,,,,,
2019-10-01,MundriWest,Mundri West,WesternEquatoria,Western Equatoria,163,26,,,,,
2019-10-01,Mvolo,Mvolo,WesternEquatoria,Western Equatoria,145,25,,,,,
2019-10-01,Nagero,Nagero,WesternEquatoria,Western Equatoria,46,4,,,,,
2019-10-01,Nzara,Nzara,WesternEquatoria,Western Equatoria,144,16,,,,,
2019-10-01,Tambura,Tambura,WesternEquatoria,Western Equatoria,168,14,,,,,
2019-10-01,Yambio,Yambio,WesternEquatoria,Western Equatoria,215,24,,,,,
2019-09-01,Juba,Juba,CentralEquatoria,Central Equatoria,425,30,,,,,
2019-09-01,Kajo_keji,Kajo-keji,CentralEquatoria,Central Equatoria,269,16,,,,,
2019-09-01,Lainya,Lainya,CentralEquatoria,Central Equatoria,217,1,,,,,
2019-09-01,Morobo,Morobo,CentralEquatoria,Central Equatoria,137,0,,,,,
2019-09-01,Terekeka,Terekeka,CentralEquatoria,Central Equatoria,371,24,,,,,
2019-09-01,Yei,Yei,CentralEquatoria,Central Equatoria,254,13,,,,,
2019-09-01,Budi,Budi,EasternEquatoria,Eastern Equatoria,224,16,,,,,
2019-09-01,Ikotos,Ikotos,EasternEquatoria,Eastern Equatoria,231,0,,,,,
2019-09-01,KapoetaEast,Kapoeta East,EasternEquatoria,Eastern Equatoria,519,58,,,,,
2019-09-01,KapoetaNorth,Kapoeta North,EasternEquatoria,Eastern Equatoria,167,16,,,,,
2019-09-01,KapoetaSouth,Kapoeta South,EasternEquatoria,Eastern Equatoria,73,9,,,,,
2019-09-01,Lafon,Lafon,EasternEquatoria,Eastern Equatoria,99,0,,,,,
2019-09-01,Magwi,Magwi,EasternEquatoria,Eastern Equatoria,133,7,,,,,
2019-09-01,Torit,Torit,EasternEquatoria,Eastern Equatoria,242,19,,,,,
2019-09-01,Akobo,Akobo,Jonglei,Jonglei,186,47,,,,,
2019-09-01,Ayod,Ayod,Jonglei,Jonglei,274,47,,,,,
2019-09-01,BorSouth,Bor South,Jonglei,Jonglei,420,63,,,,,
2019-09-01,CanalPigi,Canal/Pigi,Jonglei,Jonglei,128,25,,,,,
2019-09-01,Duk,Duk,Jonglei,Jonglei,126,27,,,,,
2019-09-01,Fangak,Fangak,Jonglei,Jonglei,218,42,,,,,
2019-09-01,Nyirol,Nyirol,Jonglei,Jonglei,222,24,,,,,
2019-09-01,Pibor,Pibor,Jonglei,Jonglei,354,0,,,,,
2019-09-01,Pochalla,Pochalla,Jonglei,Jonglei,75,0,,,,,
2019-09-01,TwicEast,Twic East,Jonglei,Jonglei,222,33,,,,,
2019-09-01,Uror,Uror,Jonglei,Jonglei,212,25,,,,,
2019-09-01,Awerial,Awerial,Lakes,Lakes,196,47,,,,,
2019-09-01,Cueibet,Cueibet,Lakes,Lakes,386,0,,,,,
2019-09-01,RumbekCentre,Rumbek Centre,Lakes,Lakes,367,0,,,,,
2019-09-01,RumbekEast,Rumbek East,Lakes,Lakes,384,0,,,,,
2019-09-01,RumbekNorth,Rumbek North,Lakes,Lakes,114,0,,,,,
2019-09-01,Wulu,Wulu,Lakes,Lakes,137,0,,,,,
2019-09-01,YirolEast,Yirol East,Lakes,Lakes,367,47,,,,,
2019-09-01,YirolWest,Yirol West,Lakes,Lakes,359,46,,,,,
2019-09-01,AweilCentre,Aweil Centre,NorthernBahrelGhazal,Northern Bahr el Ghazal,217,47,,,,,
2019-09-01,AweilEast,Aweil East,NorthernBahrelGhazal,Northern Bahr el Ghazal,714,74,,,,,
2019-09-01,AweilNorth,Aweil North,NorthernBahrelGhazal,Northern Bahr el Ghazal,352,63,,,,,
2019-09-01,AweilSouth,Aweil South,NorthernBahrelGhazal,Northern Bahr el Ghazal,316,35,,,,,
2019-09-01,AweilWest,Aweil West,NorthernBahrelGhazal,Northern Bahr el Ghazal,370,53,,,,,
2019-09-01,Abiemnhom,Abiemnhom,Unity,Unity,23,11,,,,,
2019-09-01,Guit,Guit,Unity,Unity,194,24,,,,,
2019-09-01,Koch,Koch,Unity,Unity,437,29,,,,,
2019-09-01,Leer,Leer,Unity,Unity,345,60,,,,,
2019-09-01,Mayendit,Mayendit,Unity,Unity,366,45,,,,,
2019-09-01,Mayom,Mayom,Unity,Unity,163,13,,,,,
2019-09-01,Panyijiar,Panyijiar,Unity,Unity,479,82,,,,,
2019-09-01,Pariang,Pariang,Unity,Unity,177,60,,,,,
2019-09-01,Rubkona,Rubkona,Unity,Unity,289,45,,,,,
2019-09-01,Baliet,Baliet,UpperNile,Upper Nile,129,21,,,,,
2019-09-01,Fashoda,Fashoda,UpperNile,Upper Nile,199,40,,,,,
2019-09-01,Longochuk,Longochuk,UpperNile,Upper Nile,101,0,,,,,
2019-09-01,LuakpinyNasir,Luakpiny/Nasir,UpperNile,Upper Nile,154,27,,,,,
2019-09-01,Maban,Maban,UpperNile,Upper Nile,122,13,,,,,
2019-09-01,Maiwut,Maiwut,UpperNile,Upper Nile,82,0,,,,,
2019-09-01,Malakal,Malakal,UpperNile,Upper Nile,120,23,,,,,
2019-09-01,Manyo,Manyo,UpperNile,Upper Nile,80,12,,,,,
2019-09-01,Melut,Melut,UpperNile,Upper Nile,219,33,,,,,
2019-09-01,Panyikang,Panyikang,UpperNile,Upper Nile,98,20,,,,,
2019-09-01,Renk,Renk,UpperNile,Upper Nile,287,45,,,,,
2019-09-01,Ulang,Ulang,UpperNile,Upper Nile,138,28,,,,,
2019-09-01,GogrialEast,Gogrial East,Warrap,Warrap,242,24,,,,,
2019-09-01,GogrialWest,Gogrial West,Warrap,Warrap,350,34,,,,,
2019-09-01,TonjEast,Tonj East,Warrap,Warrap,73,12,,,,,
2019-09-01,TonjNorth,Tonj North,Warrap,Warrap,378,36,,,,,
2019-09-01,TonjSouth,Tonj South,Warrap,Warrap,91,18,,,,,
2019-09-01,Twic,Twic,Warrap,Warrap,344,36,,,,,
2019-09-01,JurRiver,Jur River,WesternBahrelGhazal,Western Bahr el Ghazal,812,61,,,,,
2019-09-01,Raja,Raja,WesternBahrelGhazal,Western Bahr el Ghazal,345,45,,,,,
2019-09-01,Wau,Wau,WesternBahrelGhazal,Western Bahr el Ghazal,345,49,,,,,
2019-09-01,Ezo,Ezo,WesternEquatoria,Western Equatoria,139,13,,,,,
2019-09-01,Ibba,Ibba,WesternEquatoria,Western Equatoria,89,15,,,,,
2019-09-01,Maridi,Maridi,WesternEquatoria,Western Equatoria,215,21,,,,,
2019-09-01,MundriEast,Mundri East,WesternEquatoria,Western Equatoria,121,16,,,,,
2019-09-01,MundriWest,Mundri West,WesternEquatoria,Western Equatoria,163,16,,,,,
2019-09-01,Mvolo,Mvolo,WesternEquatoria,Western Equatoria,145,14,,,,,
2019-09-01,Nagero,Nagero,WesternEquatoria,Western Equatoria,46,5,,,,,
2019-09-01,Nzara,Nzara,WesternEquatoria,Western Equatoria,144,18,,,,,
2019-09-01,Tambura,Tambura,WesternEquatoria,Western Equatoria,168,15,,,,,
2019-09-01,Yambio,Yambio,WesternEquatoria,Western Equatoria,215,23,,,,,
2019-08-01,Juba,Juba,CentralEquatoria,Central Equatoria,425,31,,,,,
2019-08-01,Kajo_keji,Kajo-keji,CentralEquatoria,Central Equatoria,268,15,,,,,
2019-08-01,Lainya,Lainya,CentralEquatoria,Central Equatoria,217,0,,,,,
2019-08-01,Morobo,Morobo,CentralEquatoria,Central Equatoria,137,1,,,,,
2019-08-01,Terekeka,Terekeka,CentralEquatoria,Central Equatoria,371,23,,,,,
2019-08-01,Yei,Yei,CentralEquatoria,Central Equatoria,254,19,,,,,
2019-08-01,Budi,Budi,EasternEquatoria,Eastern Equatoria,220,16,,,,,
2019-08-01,Ikotos,Ikotos,EasternEquatoria,Eastern Equatoria,231,0,,,,,
2019-08-01,KapoetaEast,Kapoeta East,EasternEquatoria,Eastern Equatoria,511,41,,,,,
2019-08-01,KapoetaNorth,Kapoeta North,EasternEquatoria,Eastern Equatoria,164,16,,,,,
2019-08-01,KapoetaSouth,Kapoeta South,EasternEquatoria,Eastern Equatoria,70,8,,,,,
2019-08-01,Lafon,Lafon,EasternEquatoria,Eastern Equatoria,99,1,,,,,
2019-08-01,Magwi,Magwi,EasternEquatoria,Eastern Equatoria,133,8,,,,,
2019-08-01,Torit,Torit,EasternEquatoria,Eastern Equatoria,242,22,,,,,
2019-08-01,Akobo,Akobo,Jonglei,Jonglei,186,40,,,,,
2019-08-01,Ayod,Ayod,Jonglei,Jonglei,274,41,,,,,
2019-08-01,BorSouth,Bor South,Jonglei,Jonglei,420,48,,,,,
2019-08-01,CanalPigi,Canal/Pigi,Jonglei,Jonglei,128,16,,,,,
2019-08-01,Duk,Duk,Jonglei,Jonglei,126,21,,,,,
2019-08-01,Fangak,Fangak,Jonglei,Jonglei,218,42,,,,,
2019-08-01,Nyirol,Nyirol,Jonglei,Jonglei,222,25,,,,,
2019-08-01,Pibor,Pibor,Jonglei,Jonglei,354,0,,,,,
2019-08-01,Pochalla,Pochalla,Jonglei,Jonglei,75,0,,,,,
2019-08-01,TwicEast,Twic East,Jonglei,Jonglei,222,31,,,,,
2019-08-01,Uror,Uror,Jonglei,Jonglei,212,27,,,,,
2019-08-01,Awerial,Awerial,Lakes,Lakes,196,46,,,,,
2019-08-01,Cueibet,Cueibet,Lakes,Lakes,386,2,,,,,
2019-08-01,RumbekCentre,Rumbek Centre,Lakes,Lakes,367,6,,,,,
2019-08-01,RumbekEast,Rumbek East,Lakes,Lakes,384,10,,,,,
2019-08-01,RumbekNorth,Rumbek North,Lakes,Lakes,114,6,,,,,
2019-08-01,Wulu,Wulu,Lakes,Lakes,137,7,,,,,
2019-08-01,YirolEast,Yirol East,Lakes,Lakes,367,49,,,,,
2019-08-01,YirolWest,Yirol West,Lakes,Lakes,359,45,,,,,
2019-08-01,AweilCentre,Aweil Centre,NorthernBahrelGhazal,Northern Bahr el Ghazal,217,41,,,,,
2019-08-01,AweilEast,Aweil East,NorthernBahrelGhazal,Northern Bahr el Ghazal,714,71,,,,,
2019-08-01,AweilNorth,Aweil North,NorthernBahrelGhazal,Northern Bahr el Ghazal,352,66,,,,,
2019-08-01,AweilSouth,Aweil South,NorthernBahrelGhazal,Northern Bahr el Ghazal,316,40,,,,,
2019-08-01,AweilWest,Aweil West,NorthernBahrelGhazal,Northern Bahr el Ghazal,370,48,,,,,
2019-08-01,Abiemnhom,Abiemnhom,Unity,Unity,23,15,,,,,
2019-08-01,Guit,Guit,Unity,Unity,194,31,,,,,
2019-08-01,Koch,Koch,Unity,Unity,437,32,,,,,
2019-08-01,Leer,Leer,Unity,Unity,345,54,,,,,
2019-08-01,Mayendit,Mayendit,Unity,Unity,366,41,,,,,
2019-08-01,Mayom,Mayom,Unity,Unity,163,17,,,,,
2019-08-01,Panyijiar,Panyijiar,Unity,Unity,479,48,,,,,
2019-08-01,Pariang,Pariang,Unity,Unity,177,53,,,,,
2019-08-01,Rubkona,Rubkona,Unity,Unity,289,42,,,,,
2019-08-01,Baliet,Baliet,UpperNile,Upper Nile,128,24,,,,,
2019-08-01,Fashoda,Fashoda,UpperNile,Upper Nile,199,33,,,,,
2019-08-01,Longochuk,Longochuk,UpperNile,Upper Nile,101,0,,,,,
2019-08-01,LuakpinyNasir,Luakpiny/Nasir,UpperNile,Upper Nile,154,24,,,,,
2019-08-01,Maban,Maban,UpperNile,Upper Nile,122,12,,,,,
2019-08-01,Maiwut,Maiwut,UpperNile,Upper Nile,82,0,,,,,
2019-08-01,Malakal,Malakal,UpperNile,Upper Nile,120,23,,,,,
2019-08-01,Manyo,Manyo,UpperNile,Upper Nile,79,13,,,,,
2019-08-01,Melut,Melut,UpperNile,Upper Nile,218,33,,,,,
2019-08-01,Panyikang,Panyikang,UpperNile,Upper Nile,98,17,,,,,
2019-08-01,Renk,Renk,UpperNile,Upper Nile,286,47,,,,,
2019-08-01,Ulang,Ulang,UpperNile,Upper Nile,138,23,,,,,
2019-08-01,GogrialEast,Gogrial East,Warrap,Warrap,242,19,,,,,
2019-08-01,GogrialWest,Gogrial West,Warrap,Warrap,350,27,,,,,
2019-08-01,TonjEast,Tonj East,Warrap,Warrap,73,11,,,,,
2019-08-01,TonjNorth,Tonj North,Warrap,Warrap,378,29,,,,,
2019-08-01,TonjSouth,Tonj South,Warrap,Warrap,91,10,,,,,
2019-08-01,Twic,Twic,Warrap,Warrap,343,31,,,,,
2019-08-01,JurRiver,Jur River,WesternBahrelGhazal,Western Bahr el Ghazal,812,56,,,,,
2019-08-01,Raja,Raja,WesternBahrelGhazal,Western Bahr el Ghazal,345,38,,,,,
2019-08-01,Wau,Wau,WesternBahrelGhazal,Western Bahr el Ghazal,345,56,,,,,
2019-08-01,Ezo,Ezo,WesternEquatoria,Western Equatoria,139,15,,,,,
2019-08-01,Ibba,Ibba,WesternEquatoria,Western Equatoria,89,21,,,,,
2019-08-01,Maridi,Maridi,WesternEquatoria,Western Equatoria,215,25,,,,,
2019-08-01,MundriEast,Mundri East,WesternEquatoria,Western Equatoria,121,19,,,,,
2019-08-01,MundriWest,Mundri West,WesternEquatoria,Western Equatoria,163,17,,,,,
2019-08-01,Mvolo,Mvolo,WesternEquatoria,Western Equatoria,145,14,,,,,
2019-08-01,Nagero,Nagero,WesternEquatoria,Western Equatoria,46,4,,,,,
2019-08-01,Nzara,Nzara,WesternEquatoria,Western Equatoria,144,15,,,,,
2019-08-01,Tambura,Tambura,WesternEquatoria,Western Equatoria,168,16,,,,,
2019-08-01,Yambio,Yambio,WesternEquatoria,Western Equatoria,215,20,,,,,
2019-07-01,Juba,Juba,CentralEquatoria,Central Equatoria,424,27,,,,,
2019-07-01,Kajo_keji,Kajo-keji,CentralEquatoria,Central Equatoria,268,16,,,,,
2019-07-01,Lainya,Lainya,CentralEquatoria,Central Equatoria,217,0,,,,,
2019-07-01,Morobo,Morobo,CentralEquatoria,Central Equatoria,137,0,,,,,
2019-07-01,Terekeka,Terekeka,CentralEquatoria,Central Equatoria,371,26,,,,,
2019-07-01,Yei,Yei,CentralEquatoria,Central Equatoria,254,20,,,,,
2019-07-01,Budi,Budi,EasternEquatoria,Eastern Equatoria,220,11,,,,,
2019-07-01,Ikotos,Ikotos,EasternEquatoria,Eastern Equatoria,231,1,,,,,
2019-07-01,KapoetaEast,Kapoeta East,EasternEquatoria,Eastern Equatoria,507,28,,,,,
2019-07-01,KapoetaNorth,Kapoeta North,EasternEquatoria,Eastern Equatoria,157,8,,,,,
2019-07-01,KapoetaSouth,Kapoeta South,EasternEquatoria,Eastern Equatoria,69,6,,,,,
2019-07-01,Lafon,Lafon,EasternEquatoria,Eastern Equatoria,99,1,,,,,
2019-07-01,Magwi,Magwi,EasternEquatoria,Eastern Equatoria,133,7,,,,,
2019-07-01,Torit,Torit,EasternEquatoria,Eastern Equatoria,242,15,,,,,
2019-07-01,Akobo,Akobo,Jonglei,Jonglei,186,38,,,,,
2019-07-01,Ayod,Ayod,Jonglei,Jonglei,274,44,,,,,
2019-07-01,BorSouth,Bor South,Jonglei,Jonglei,420,49,,,,,
2019-07-01,CanalPigi,Canal/Pigi,Jonglei,Jonglei,128,23,,,,,
2019-07-01,Duk,Duk,Jonglei,Jonglei,126,15,,,,,
2019-07-01,Fangak,Fangak,Jonglei,Jonglei,218,39,,,,,
2019-07-01,Nyirol,Nyirol,Jonglei,Jonglei,222,16,,,,,
2019-07-01,Pibor,Pibor,Jonglei,Jonglei,354,0,,,,,
2019-07-01,Pochalla,Pochalla,Jonglei,Jonglei,75,0,,,,,
2019-07-01,TwicEast,Twic East,Jonglei,Jonglei,222,22,,,,,
2019-07-01,Uror,Uror,Jonglei,Jonglei,212,19,,,,,
2019-07-01,Awerial,Awerial,Lakes,Lakes,195,50,,,,,
2019-07-01,Cueibet,Cueibet,Lakes,Lakes,386,0,,,,,
2019-07-01,RumbekCentre,Rumbek Centre,Lakes,Lakes,366,0,,,,,
2019-07-01,RumbekEast,Rumbek East,Lakes,Lakes,383,0,,,,,
2019-07-01,RumbekNorth,Rumbek North,Lakes,Lakes,114,0,,,,,
2019-07-01,Wulu,Wulu,Lakes,Lakes,136,0,,,,,
2019-07-01,YirolEast,Yirol East,Lakes,Lakes,367,60,,,,,
2019-07-01,YirolWest,Yirol West,Lakes,Lakes,359,49,,,,,
2019-07-01,AweilCentre,Aweil Centre,NorthernBahrelGhazal,Northern Bahr el Ghazal,217,64,,,,,
2019-07-01,AweilEast,Aweil East,NorthernBahrelGhazal,Northern Bahr el Ghazal,713,86,,,,,
2019-07-01,AweilNorth,Aweil North,NorthernBahrelGhazal,Northern Bahr el Ghazal,352,68,,,,,
2019-07-01,AweilSouth,Aweil South,NorthernBahrelGhazal,Northern Bahr el Ghazal,316,40,,,,,
2019-07-01,AweilWest,Aweil West,NorthernBahrelGhazal,Northern Bahr el Ghazal,370,47,,,,,
2019-07-01,Abiemnhom,Abiemnhom,Unity,Unity,23,13,,,,,
2019-07-01,Guit,Guit,Unity,Unity,192,22,,,,,
2019-07-01,Koch,Koch,Unity,Unity,437,32,,,,,
2019-07-01,Leer,Leer,Unity,Unity,345,47,,,,,
2019-07-01,Mayendit,Mayendit,Unity,Unity,366,43,,,,,
2019-07-01,Mayom,Mayom,Unity,Unity,163,13,,,,,
2019-07-01,Panyijiar,Panyijiar,Unity,Unity,479,43,,,,,
2019-07-01,Pariang,Pariang,Unity,Unity,177,53,,,,,
2019-07-01,Rubkona,Rubkona,Unity,Unity,289,34,,,,,
2019-07-01,Baliet,Baliet,UpperNile,Upper Nile,128,20,,,,,
2019-07-01,Fashoda,Fashoda,UpperNile,Upper Nile,199,31,,,,,
2019-07-01,Longochuk,Longochuk,UpperNile,Upper Nile,101,0,,,,,
2019-07-01,LuakpinyNasir,Luakpiny/Nasir,UpperNile,Upper Nile,154,20,,,,,
2019-07-01,Maban,Maban,UpperNile,Upper Nile,122,20,,,,,
2019-07-01,Maiwut,Maiwut,UpperNile,Upper Nile,82,0,,,,,
2019-07-01,Malakal,Malakal,UpperNile,Upper Nile,120,29,,,,,
2019-07-01,Manyo,Manyo,UpperNile,Upper Nile,78,12,,,,,
2019-07-01,Melut,Melut,UpperNile,Upper Nile,216,38,,,,,
2019-07-01,Panyikang,Panyikang,UpperNile,Upper Nile,98,19,,,,,
2019-07-01,Renk,Renk,UpperNile,Upper Nile,283,52,,,,,
2019-07-01,Ulang,Ulang,UpperNile,Upper Nile,138,22,,,,,
2019-07-01,GogrialEast,Gogrial East,Warrap,Warrap,241,21,,,,,
2019-07-01,GogrialWest,Gogrial West,Warrap,Warrap,350,24,,,,,
2019-07-01,TonjEast,Tonj East,Warrap,Warrap,73,10,,,,,
2019-07-01,TonjNorth,Tonj North,Warrap,Warrap,378,32,,,,,
2019-07-01,TonjSouth,Tonj South,Warrap,Warrap,91,12,,,,,
2019-07-01,Twic,Twic,Warrap,Warrap,340,42,,,,,
2019-07-01,JurRiver,Jur River,WesternBahrelGhazal,Western Bahr el Ghazal,812,65,,,,,
2019-07-01,Raja,Raja,WesternBahrelGhazal,Western Bahr el Ghazal,345,32,,,,,
2019-07-01,Wau,Wau,WesternBahrelGhazal,Western Bahr el Ghazal,345,48,,,,,
2019-07-01,Ezo,Ezo,WesternEquatoria,Western Equatoria,139,14,,,,,
2019-07-01,Ibba,Ibba,WesternEquatoria,Western Equatoria,89,12,,,,,
2019-07-01,Maridi,Maridi,WesternEquatoria,Western Equatoria,215,11,,,,,
2019-07-01,MundriEast,Mundri East,WesternEquatoria,Western Equatoria,121,17,,,,,
2019-07-01,MundriWest,Mundri West,WesternEquatoria,Western Equatoria,163,16,,,,,
2019-07-01,Mvolo,Mvolo,WesternEquatoria,Western Equatoria,145,14,,,,,
2019-07-01,Nagero,Nagero,WesternEquatoria,Western Equatoria,46,7,,,,,
2019-07-01,Nzara,Nzara,WesternEquatoria,Western Equatoria,144,18,,,,,
2019-07-01,Tambura,Tambura,WesternEquatoria,Western Equatoria,168,17,,,,,
2019-07-01,Yambio,Yambio,WesternEquatoria,Western Equatoria,215,21,,,,,
2019-06-01,Juba,Juba,CentralEquatoria,Central Equatoria,424,23,,,,,
2019-06-01,Kajo_keji,Kajo-keji,CentralEquatoria,Central Equatoria,266,3,,,,,
2019-06-01,Lainya,Lainya,CentralEquatoria,Central Equatoria,217,0,,,,,
2019-06-01,Morobo,Morobo,CentralEquatoria,Central Equatoria,137,0,,,,,
2019-06-01,Terekeka,Terekeka,CentralEquatoria,Central Equatoria,370,32,,,,,
2019-06-01,Yei,Yei,CentralEquatoria,Central Equatoria,254,15,,,,,
2019-06-01,Budi,Budi,EasternEquatoria,Eastern Equatoria,220,14,,,,,
2019-06-01,Ikotos,Ikotos,EasternEquatoria,Eastern Equatoria,231,0,,,,,
2019-06-01,KapoetaEast,Kapoeta East,EasternEquatoria,Eastern Equatoria,502,31,,,,,
2019-06-01,KapoetaNorth,Kapoeta North,EasternEquatoria,Eastern Equatoria,157,11,,,,,
2019-06-01,KapoetaSouth,Kapoeta South,EasternEquatoria,Eastern Equatoria,69,5,,,,,
2019-06-01,Lafon,Lafon,EasternEquatoria,Eastern Equatoria,98,0,,,,,
2019-06-01,Magwi,Magwi,EasternEquatoria,Eastern Equatoria,133,9,,,,,
2019-06-01,Torit,Torit,EasternEquatoria,Eastern Equatoria,242,22,,,,,
2019-06-01,Akobo,Akobo,Jonglei,Jonglei,186,42,,,,,
2019-06-01,Ayod,Ayod,Jonglei,Jonglei,274,45,,,,,
2019-06-01,BorSouth,Bor South,Jonglei,Jonglei,420,52,,,,,
2019-06-01,CanalPigi,Canal/Pigi,Jonglei,Jonglei,128,25,,,,,
2019-06-01,Duk,Duk,Jonglei,Jonglei,126,15,,,,,
2019-06-01,Fangak,Fangak,Jonglei,Jonglei,218,42,,,,,
2019-06-01,Nyirol,Nyirol,Jonglei,Jonglei,222,17,,,,,
2019-06-01,Pibor,Pibor,Jonglei,Jonglei,354,0,,,,,
2019-06-01,Pochalla,Pochalla,Jonglei,Jonglei,75,0,,,,,
2019-06-01,TwicEast,Twic East,Jonglei,Jonglei,222,29,,,,,
2019-06-01,Uror,Uror,Jonglei,Jonglei,212,18,,,,,
2019-06-01,Awerial,Awerial,Lakes,Lakes,195,42,,,,,
2019-06-01,Cueibet,Cueibet,Lakes,Lakes,386,0,,,,,
2019-06-01,RumbekCentre,Rumbek Centre,Lakes,Lakes,366,0,,,,,
2019-06-01,RumbekEast,Rumbek East,Lakes,Lakes,383,0,,,,,
2019-06-01,RumbekNorth,Rumbek North,Lakes,Lakes,114,0,,,,,
2019-06-01,Wulu,Wulu,Lakes,Lakes,136,0,,,,,
2019-06-01,YirolEast,Yirol East,Lakes,Lakes,367,51,,,,,
2019-06-01,YirolWest,Yirol West,Lakes,Lakes,359,47,,,,,
2019-06-01,AweilCentre,Aweil Centre,NorthernBahrelGhazal,Northern Bahr el Ghazal,216,26,,,,,
2019-06-01,AweilEast,Aweil East,NorthernBahrelGhazal,Northern Bahr el Ghazal,713,49,,,,,
2019-06-01,AweilNorth,Aweil North,NorthernBahrelGhazal,Northern Bahr el Ghazal,351,40,,,,,
2019-06-01,AweilSouth,Aweil South,NorthernBahrelGhazal,Northern Bahr el Ghazal,316,22,,,,,
2019-06-01,AweilWest,Aweil West,NorthernBahrelGhazal,Northern Bahr el Ghazal,370,33,,,,,
2019-06-01,Abiemnhom,Abiemnhom,Unity,Unity,23,9,,,,,
2019-06-01,Guit,Guit,Unity,Unity,192,24,,,,,
2019-06-01,Koch,Koch,Unity,Unity,435,35,,,,,
2019-06-01,Leer,Leer,Unity,Unity,345,48,,,,,
2019-06-01,Mayendit,Mayendit,Unity,Unity,366,40,,,,,
2019-06-01,Mayom,Mayom,Unity,Unity,162,16,,,,,
2019-06-01,Panyijiar,Panyijiar,Unity,Unity,479,48,,,,,
2019-06-01,Pariang,Pariang,Unity,Unity,177,51,,,,,
2019-06-01,Rubkona,Rubkona,Unity,Unity,288,35,,,,,
2019-06-01,Baliet,Baliet,UpperNile,Upper Nile,128,18,,,,,
2019-06-01,Fashoda,Fashoda,UpperNile,Upper Nile,199,28,,,,,
2019-06-01,Longochuk,Longochuk,UpperNile,Upper Nile,101,0,,,,,
2019-06-01,LuakpinyNasir,Luakpiny/Nasir,UpperNile,Upper Nile,154,25,,,,,
2019-06-01,Maban,Maban,UpperNile,Upper Nile,122,8,,,,,
2019-06-01,Maiwut,Maiwut,UpperNile,Upper Nile,82,0,,,,,
2019-06-01,Malakal,Malakal,UpperNile,Upper Nile,120,28,,,,,
2019-06-01,Manyo,Manyo,UpperNile,Upper Nile,78,9,,,,,
2019-06-01,Melut,Melut,UpperNile,Upper Nile,216,23,,,,,
2019-06-01,Panyikang,Panyikang,UpperNile,Upper Nile,98,22,,,,,
2019-06-01,Renk,Renk,UpperNile,Upper Nile,283,33,,,,,
2019-06-01,Ulang,Ulang,UpperNile,Upper Nile,138,23,,,,,
2019-06-01,GogrialEast,Gogrial East,Warrap,Warrap,242,24,,,,,
2019-06-01,GogrialWest,Gogrial West,Warrap,Warrap,350,24,,,,,
2019-06-01,TonjEast,Tonj East,Warrap,Warrap,73,16,,,,,
2019-06-01,TonjNorth,Tonj North,Warrap,Warrap,378,36,,,,,
2019-06-01,TonjSouth,Tonj South,Warrap,Warrap,91,17,,,,,
2019-06-01,Twic,Twic,Warrap,Warrap,341,52,,,,,
2019-06-01,JurRiver,Jur River,WesternBahrelGhazal,Western Bahr el Ghazal,812,67,,,,,
2019-06-01,Raja,Raja,WesternBahrelGhazal,Western Bahr el Ghazal,345,38,,,,,
2019-06-01,Wau,Wau,WesternBahrelGhazal,Western Bahr el Ghazal,345,54,,,,,
2019-06-01,Ezo,Ezo,WesternEquatoria,Western Equatoria,139,14,,,,,
2019-06-01,Ibba,Ibba,WesternEquatoria,Western Equatoria,89,10,,,,,
2019-06-01,Maridi,Maridi,WesternEquatoria,Western Equatoria,215,14,,,,,
2019-06-01,MundriEast,Mundri East,WesternEquatoria,Western Equatoria,121,11,,,,,
2019-06-01,MundriWest,Mundri West,WesternEquatoria,Western Equatoria,163,12,,,,,
2019-06-01,Mvolo,Mvolo,WesternEquatoria,Western Equatoria,145,12,,,,,
2019-06-01,Nagero,Nagero,WesternEquatoria,Western Equatoria,46,4,,,,,
2019-06-01,Nzara,Nzara,WesternEquatoria,Western Equatoria,144,13,,,,,
2019-06-01,Tambura,Tambura,WesternEquatoria,Western Equatoria,168,13,,,,,
2019-06-01,Yambio,Yambio,WesternEquatoria,Western Equatoria,215,22,,,,,
2019-05-01,Juba,Juba,CentralEquatoria,Central Equatoria,424,30,,,,,
2019-05-01,Kajo_keji,Kajo-keji,CentralEquatoria,Central Equatoria,265,0,,,,,
2019-05-01,Lainya,Lainya,CentralEquatoria,Central Equatoria,217,0,,,,,
2019-05-01,Morobo,Morobo,CentralEquatoria,Central Equatoria,137,0,,,,,
2019-05-01,Terekeka,Terekeka,CentralEquatoria,Central Equatoria,370,29,,,,,
2019-05-01,Yei,Yei,CentralEquatoria,Central Equatoria,254,19,,,,,
2019-05-01,Budi,Budi,EasternEquatoria,Eastern Equatoria,218,15,,,,,
2019-05-01,Ikotos,Ikotos,EasternEquatoria,Eastern Equatoria,231,0,,,,,
2019-05-01,KapoetaEast,Kapoeta East,EasternEquatoria,Eastern Equatoria,502,27,,,,,
2019-05-01,KapoetaNorth,Kapoeta North,EasternEquatoria,Eastern Equatoria,157,14,,,,,
2019-05-01,KapoetaSouth,Kapoeta South,EasternEquatoria,Eastern Equatoria,69,9,,,,,
2019-05-01,Lafon,Lafon,EasternEquatoria,Eastern Equatoria,98,0,,,,,
2019-05-01,Magwi,Magwi,EasternEquatoria,Eastern Equatoria,131,11,,,,,
2019-05-01,Torit,Torit,EasternEquatoria,Eastern Equatoria,241,19,,,,,
2019-05-01,Akobo,Akobo,Jonglei,Jonglei,186,44,,,,,
2019-05-01,Ayod,Ayod,Jonglei,Jonglei,273,49,,,,,
2019-05-01,BorSouth,Bor South,Jonglei,Jonglei,420,44,,,,,
2019-05-01,CanalPigi,Canal/Pigi,Jonglei,Jonglei,128,17,,,,,
2019-05-01,Duk,Duk,Jonglei,Jonglei,126,17,,,,,
2019-05-01,Fangak,Fangak,Jonglei,Jonglei,218,41,,,,,
2019-05-01,Nyirol,Nyirol,Jonglei,Jonglei,222,12,,,,,
2019-05-01,Pibor,Pibor,Jonglei,Jonglei,354,0,,,,,
2019-05-01,Pochalla,Pochalla,Jonglei,Jonglei,75,0,,,,,
2019-05-01,TwicEast,Twic East,Jonglei,Jonglei,222,30,,,,,
2019-05-01,Uror,Uror,Jonglei,Jonglei,212,12,,,,,
2019-05-01,Awerial,Awerial,Lakes,Lakes,191,42,,,,,
2019-05-01,Cueibet,Cueibet,Lakes,Lakes,386,0,,,,,
2019-05-01,RumbekCentre,Rumbek Centre,Lakes,Lakes,366,0,,,,,
2019-05-01,RumbekEast,Rumbek East,Lakes,Lakes,383,0,,,,,
2019-05-01,RumbekNorth,Rumbek North,Lakes,Lakes,114,0,,,,,
2019-05-01,Wulu,Wulu,Lakes,Lakes,136,0,,,,,
2019-05-01,YirolEast,Yirol East,Lakes,Lakes,365,51,,,,,
2019-05-01,YirolWest,Yirol West,Lakes,Lakes,356,37,,,,,
2019-05-01,AweilCentre,Aweil Centre,NorthernBahrelGhazal,Northern Bahr el Ghazal,216,50,,,,,
2019-05-01,AweilEast,Aweil East,NorthernBahrelGhazal,Northern Bahr el Ghazal,713,89,,,,,
2019-05-01,AweilNorth,Aweil North,NorthernBahrelGhazal,Northern Bahr el Ghazal,351,65,,,,,
2019-05-01,AweilSouth,Aweil South,NorthernBahrelGhazal,Northern Bahr el Ghazal,316,45,,,,,
2019-05-01,AweilWest,Aweil West,NorthernBahrelGhazal,Northern Bahr el Ghazal,370,56,,,,,
2019-05-01,Abiemnhom,Abiemnhom,Unity,Unity,23,9,,,,,
2019-05-01,Guit,Guit,Unity,Unity,192,18,,,,,
2019-05-01,Koch,Koch,Unity,Unity,435,28,,,,,
2019-05-01,Leer,Leer,Unity,Unity,345,42,,,,,
2019-05-01,Mayendit,Mayendit,Unity,Unity,366,39,,,,,
2019-05-01,Mayom,Mayom,Unity,Unity,162,15,,,,,
2019-05-01,Panyijiar,Panyijiar,Unity,Unity,479,43,,,,,
2019-05-01,Pariang,Pariang,Unity,Unity,172,28,,,,,
2019-05-01,Rubkona,Rubkona,Unity,Unity,287,25,,,,,
2019-05-01,Baliet,Baliet,UpperNile,Upper Nile,127,8,,,,,
2019-05-01,Fashoda,Fashoda,UpperNile,Upper Nile,199,21,,,,,
2019-05-01,Longochuk,Longochuk,UpperNile,Upper Nile,101,0,,,,,
2019-05-01,LuakpinyNasir,Luakpiny/Nasir,UpperNile,Upper Nile,154,22,,,,,
2019-05-01,Maban,Maban,UpperNile,Upper Nile,122,0,,,,,
2019-05-01,Maiwut,Maiwut,UpperNile,Upper Nile,82,1,,,,,
2019-05-01,Malakal,Malakal,UpperNile,Upper Nile,120,19,,,,,
2019-05-01,Manyo,Manyo,UpperNile,Upper Nile,76,10,,,,,
2019-05-01,Melut,Melut,UpperNile,Upper Nile,216,0,,,,,
2019-05-01,Panyikang,Panyikang,UpperNile,Upper Nile,98,17,,,,,
2019-05-01,Renk,Renk,UpperNile,Upper Nile,278,0,,,,,
2019-05-01,Ulang,Ulang,UpperNile,Upper Nile,138,21,,,,,
2019-05-01,GogrialEast,Gogrial East,Warrap,Warrap,237,24,,,,,
2019-05-01,GogrialWest,Gogrial West,Warrap,Warrap,351,24,,,,,
2019-05-01,TonjEast,Tonj East,Warrap,Warrap,73,14,,,,,
2019-05-01,TonjNorth,Tonj North,Warrap,Warrap,378,34,,,,,
2019-05-01,TonjSouth,Tonj South,Warrap,Warrap,91,14,,,,,
2019-05-01,Twic,Twic,Warrap,Warrap,332,41,,,,,
2019-05-01,JurRiver,Jur River,WesternBahrelGhazal,Western Bahr el Ghazal,812,65,,,,,
2019-05-01,Raja,Raja,WesternBahrelGhazal,Western Bahr el Ghazal,345,39,,,,,
2019-05-01,Wau,Wau,WesternBahrelGhazal,Western Bahr el Ghazal,345,54,,,,,
2019-05-01,Ezo,Ezo,WesternEquatoria,Western Equatoria,139,13,,,,,
2019-05-01,Ibba,Ibba,WesternEquatoria,Western Equatoria,89,15,,,,,
2019-05-01,Maridi,Maridi,WesternEquatoria,Western Equatoria,215,15,,,,,
2019-05-01,MundriEast,Mundri East,WesternEquatoria,Western Equatoria,121,13,,,,,
2019-05-01,MundriWest,Mundri West,WesternEquatoria,Western Equatoria,163,14,,,,,
2019-05-01,Mvolo,Mvolo,WesternEquatoria,Western Equatoria,145,16,,,,,
2019-05-01,Nagero,Nagero,WesternEquatoria,Western Equatoria,46,6,,,,,
2019-05-01,Nzara,Nzara,WesternEquatoria,Western Equatoria,144,17,,,,,
2019-05-01,Tambura,Tambura,WesternEquatoria,Western Equatoria,168,15,,,,,
2019-05-01,Yambio,Yambio,WesternEquatoria,Western Equatoria,215,23,,,,,
2019-04-01,Juba,Juba,CentralEquatoria,Central Equatoria,424,23,,,,,
2019-04-01,Kajo_keji,Kajo-keji,CentralEquatoria,Central Equatoria,265,0,,,,,
2019-04-01,Lainya,Lainya,CentralEquatoria,Central Equatoria,217,0,,,,,
2019-04-01,Morobo,Morobo,CentralEquatoria,Central Equatoria,137,0,,,,,
2019-04-01,Terekeka,Terekeka,CentralEquatoria,Central Equatoria,370,23,,,,,
2019-04-01,Yei,Yei,CentralEquatoria,Central Equatoria,254,17,,,,,
2019-04-01,Budi,Budi,EasternEquatoria,Eastern Equatoria,215,15,,,,,
2019-04-01,Ikotos,Ikotos,EasternEquatoria,Eastern Equatoria,231,0,,,,,
2019-04-01,KapoetaEast,Kapoeta East,EasternEquatoria,Eastern Equatoria,501,38,,,,,
2019-04-01,KapoetaNorth,Kapoeta North,EasternEquatoria,Eastern Equatoria,157,15,,,,,
2019-04-01,KapoetaSouth,Kapoeta South,EasternEquatoria,Eastern Equatoria,70,8,,,,,
2019-04-01,Lafon,Lafon,EasternEquatoria,Eastern Equatoria,98,0,,,,,
2019-04-01,Magwi,Magwi,EasternEquatoria,Eastern Equatoria,130,10,,,,,
2019-04-01,Torit,Torit,EasternEquatoria,Eastern Equatoria,241,15,,,,,
2019-04-01,Akobo,Akobo,Jonglei,Jonglei,184,45,,,,,
2019-04-01,Ayod,Ayod,Jonglei,Jonglei,271,42,,,,,
2019-04-01,BorSouth,Bor South,Jonglei,Jonglei,420,51,,,,,
2019-04-01,CanalPigi,Canal/Pigi,Jonglei,Jonglei,128,20,,,,,
2019-04-01,Duk,Duk,Jonglei,Jonglei,126,18,,,,,
2019-04-01,Fangak,Fangak,Jonglei,Jonglei,218,36,,,,,
2019-04-01,Nyirol,Nyirol,Jonglei,Jonglei,222,21,,,,,
2019-04-01,Pibor,Pibor,Jonglei,Jonglei,354,0,,,,,
2019-04-01,Pochalla,Pochalla,Jonglei,Jonglei,75,0,,,,,
2019-04-01,TwicEast,Twic East,Jonglei,Jonglei,222,17,,,,,
2019-04-01,Uror,Uror,Jonglei,Jonglei,212,27,,,,,
2019-04-01,Awerial,Awerial,Lakes,Lakes,190,33,,,,,
2019-04-01,Cueibet,Cueibet,Lakes,Lakes,386,0,,,,,
2019-04-01,RumbekCentre,Rumbek Centre,Lakes,Lakes,366,0,,,,,
2019-04-01,RumbekEast,Rumbek East,Lakes,Lakes,383,0,,,,,
2019-04-01,RumbekNorth,Rumbek North,Lakes,Lakes,114,0,,,,,
2019-04-01,Wulu,Wulu,Lakes,Lakes,136,0,,,,,
2019-04-01,YirolEast,Yirol East,Lakes,Lakes,364,53,,,,,
2019-04-01,YirolWest,Yirol West,Lakes,Lakes,356,51,,,,,
2019-04-01,AweilCentre,Aweil Centre,NorthernBahrelGhazal,Northern Bahr el Ghazal,216,43,,,,,
2019-04-01,AweilEast,Aweil East,NorthernBahrelGhazal,Northern Bahr el Ghazal,712,84,,,,,
2019-04-01,AweilNorth,Aweil North,NorthernBahrelGhazal,Northern Bahr el Ghazal,351,71,,,,,
2019-04-01,AweilSouth,Aweil South,NorthernBahrelGhazal,Northern Bahr el Ghazal,316,49,,,,,
2019-04-01,AweilWest,Aweil West,NorthernBahrelGhazal,Northern Bahr el Ghazal,369,60,,,,,
2019-04-01,Abiemnhom,Abiemnhom,Unity,Unity,24,9,,,,,
2019-04-01,Guit,Guit,Unity,Unity,192,15,,,,,
2019-04-01,Koch,Koch,Unity,Unity,435,28,,,,,
2019-04-01,Leer,Leer,Unity,Unity,345,51,,,,,
2019-04-01,Mayendit,Mayendit,Unity,Unity,366,40,,,,,
2019-04-01,Mayom,Mayom,Unity,Unity,162,13,,,,,
2019-04-01,Panyijiar,Panyijiar,Unity,Unity,478,37,,,,,
2019-04-01,Pariang,Pariang,Unity,Unity,172,31,,,,,
2019-04-01,Rubkona,Rubkona,Unity,Unity,287,22,,,,,
2019-04-01,Baliet,Baliet,UpperNile,Upper Nile,127,1,,,,,
2019-04-01,Fashoda,Fashoda,UpperNile,Upper Nile,199,20,,,,,
2019-04-01,Longochuk,Longochuk,UpperNile,Upper Nile,101,0,,,,,
2019-04-01,LuakpinyNasir,Luakpiny/Nasir,UpperNile,Upper Nile,154,26,,,,,
2019-04-01,Maban,Maban,UpperNile,Upper Nile,122,0,,,,,
2019-04-01,Maiwut,Maiwut,UpperNile,Upper Nile,82,0,,,,,
2019-04-01,Malakal,Malakal,UpperNile,Upper Nile,120,13,,,,,
2019-04-01,Manyo,Manyo,UpperNile,Upper Nile,76,4,,,,,
2019-04-01,Melut,Melut,UpperNile,Upper Nile,216,0,,,,,
2019-04-01,Panyikang,Panyikang,UpperNile,Upper Nile,98,15,,,,,
2019-04-01,Renk,Renk,UpperNile,Upper Nile,278,0,,,,,
2019-04-01,Ulang,Ulang,UpperNile,Upper Nile,138,24,,,,,
2019-04-01,GogrialEast,Gogrial East,Warrap,Warrap,237,19,,,,,
2019-04-01,GogrialWest,Gogrial West,Warrap,Warrap,351,29,,,,,
2019-04-01,TonjEast,Tonj East,Warrap,Warrap,73,11,,,,,
2019-04-01,TonjNorth,Tonj North,Warrap,Warrap,378,28,,,,,
2019-04-01,TonjSouth,Tonj South,Warrap,Warrap,91,17,,,,,
2019-04-01,Twic,Twic,Warrap,Warrap,332,49,,,,,
2019-04-01,JurRiver,Jur River,WesternBahrelGhazal,Western Bahr el Ghazal,812,70,,,,,
2019-04-01,Raja,Raja,WesternBahrelGhazal,Western Bahr el Ghazal,345,40,,,,,
2019-04-01,Wau,Wau,WesternBahrelGhazal,Western Bahr el Ghazal,345,47,,,,,
2019-04-01,Ezo,Ezo,WesternEquatoria,Western Equatoria,137,9,,,,,
2019-04-01,Ibba,Ibba,WesternEquatoria,Western Equatoria,89,12,,,,,
2019-04-01,Maridi,Maridi,WesternEquatoria,Western Equatoria,215,18,,,,,
2019-04-01,MundriEast,Mundri East,WesternEquatoria,Western Equatoria,121,18,,,,,
2019-04-01,MundriWest,Mundri West,WesternEquatoria,Western Equatoria,163,16,,,,,
2019-04-01,Mvolo,Mvolo,WesternEquatoria,Western Equatoria,145,16,,,,,
2019-04-01,Nagero,Nagero,WesternEquatoria,Western Equatoria,46,4,,,,,
2019-04-01,Nzara,Nzara,WesternEquatoria,Western Equatoria,141,12,,,,,
2019-04-01,Tambura,Tambura,WesternEquatoria,Western Equatoria,165,11,,,,,
2019-04-01,Yambio,Yambio,WesternEquatoria,Western Equatoria,213,19,,,,,
2019-03-01,Juba,Juba,CentralEquatoria,Central Equatoria,424,25,,,,,
2019-03-01,Kajo_keji,Kajo-keji,CentralEquatoria,Central Equatoria,265,0,,,,,
2019-03-01,Lainya,Lainya,CentralEquatoria,Central Equatoria,217,0,,,,,
2019-03-01,Morobo,Morobo,CentralEquatoria,Central Equatoria,137,0,,,,,
2019-03-01,Terekeka,Terekeka,CentralEquatoria,Central Equatoria,369,23,,,,,
2019-03-01,Yei,Yei,CentralEquatoria,Central Equatoria,254,18,,,,,
2019-03-01,Budi,Budi,EasternEquatoria,Eastern Equatoria,215,15,,,,,
2019-03-01,Ikotos,Ikotos,EasternEquatoria,Eastern Equatoria,231,0,,,,,
2019-03-01,KapoetaEast,Kapoeta East,EasternEquatoria,Eastern Equatoria,501,27,,,,,
2019-03-01,KapoetaNorth,Kapoeta North,EasternEquatoria,Eastern Equatoria,157,15,,,,,
2019-03-01,KapoetaSouth,Kapoeta South,EasternEquatoria,Eastern Equatoria,70,14,,,,,
2019-03-01,Lafon,Lafon,EasternEquatoria,Eastern Equatoria,98,0,,,,,
2019-03-01,Magwi,Magwi,EasternEquatoria,Eastern Equatoria,129,11,,,,,
2019-03-01,Torit,Torit,EasternEquatoria,Eastern Equatoria,241,16,,,,,
2019-03-01,Akobo,Akobo,Jonglei,Jonglei,184,48,,,,,
2019-03-01,Ayod,Ayod,Jonglei,Jonglei,271,47,,,,,
2019-03-01,BorSouth,Bor South,Jonglei,Jonglei,418,42,,,,,
2019-03-01,CanalPigi,Canal/Pigi,Jonglei,Jonglei,128,15,,,,,
2019-03-01,Duk,Duk,Jonglei,Jonglei,126,19,,,,,
2019-03-01,Fangak,Fangak,Jonglei,Jonglei,218,38,,,,,
2019-03-01,Nyirol,Nyirol,Jonglei,Jonglei,222,29,,,,,
2019-03-01,Pibor,Pibor,Jonglei,Jonglei,354,0,,,,,
2019-03-01,Pochalla,Pochalla,Jonglei,Jonglei,75,0,,,,,
2019-03-01,TwicEast,Twic East,Jonglei,Jonglei,222,24,,,,,
2019-03-01,Uror,Uror,Jonglei,Jonglei,212,23,,,,,
2019-03-01,Awerial,Awerial,Lakes,Lakes,190,30,,,,,
2019-03-01,Cueibet,Cueibet,Lakes,Lakes,386,0,,,,,
2019-03-01,RumbekCentre,Rumbek Centre,Lakes,Lakes,366,0,,,,,
2019-03-01,RumbekEast,Rumbek East,Lakes,Lakes,383,0,,,,,
2019-03-01,RumbekNorth,Rumbek North,Lakes,Lakes,114,0,,,,,
2019-03-01,Wulu,Wulu,Lakes,Lakes,136,0,,,,,
2019-03-01,YirolEast,Yirol East,Lakes,Lakes,364,27,,,,,
2019-03-01,YirolWest,Yirol West,Lakes,Lakes,355,26,,,,,
2019-03-01,AweilCentre,Aweil Centre,NorthernBahrelGhazal,Northern Bahr el Ghazal,216,12,,,,,
2019-03-01,AweilEast,Aweil East,NorthernBahrelGhazal,Northern Bahr el Ghazal,711,41,,,,,
2019-03-01,AweilNorth,Aweil North,NorthernBahrelGhazal,Northern Bahr el Ghazal,350,20,,,,,
2019-03-01,AweilSouth,Aweil South,NorthernBahrelGhazal,Northern Bahr el Ghazal,314,16,,,,,
2019-03-01,AweilWest,Aweil West,NorthernBahrelGhazal,Northern Bahr el Ghazal,369,20,,,,,
2019-03-01,Abiemnhom,Abiemnhom,Unity,Unity,24,11,,,,,
2019-03-01,Guit,Guit,Unity,Unity,190,18,,,,,
2019-03-01,Koch,Koch,Unity,Unity,435,30,,,,,
2019-03-01,Leer,Leer,Unity,Unity,343,37,,,,,
2019-03-01,Mayendit,Mayendit,Unity,Unity,365,44,,,,,
2019-03-01,Mayom,Mayom,Unity,Unity,162,16,,,,,
2019-03-01,Panyijiar,Panyijiar,Unity,Unity,474,34,,,,,
2019-03-01,Pariang,Pariang,Unity,Unity,172,25,,,,,
2019-03-01,Rubkona,Rubkona,Unity,Unity,287,27,,,,,
2019-03-01,Baliet,Baliet,UpperNile,Upper Nile,127,5,,,,,
2019-03-01,Fashoda,Fashoda,UpperNile,Upper Nile,199,18,,,,,
2019-03-01,Longochuk,Longochuk,UpperNile,Upper Nile,101,0,,,,,
2019-03-01,LuakpinyNasir,Luakpiny/Nasir,UpperNile,Upper Nile,154,24,,,,,
2019-03-01,Maban,Maban,UpperNile,Upper Nile,122,0,,,,,
2019-03-01,Maiwut,Maiwut,UpperNile,Upper Nile,82,0,,,,,
2019-03-01,Malakal,Malakal,UpperNile,Upper Nile,120,11,,,,,
2019-03-01,Manyo,Manyo,UpperNile,Upper Nile,76,5,,,,,
2019-03-01,Melut,Melut,UpperNile,Upper Nile,216,0,,,,,
2019-03-01,Panyikang,Panyikang,UpperNile,Upper Nile,98,13,,,,,
2019-03-01,Renk,Renk,UpperNile,Upper Nile,278,0,,,,,
2019-03-01,Ulang,Ulang,UpperNile,Upper Nile,138,30,,,,,
2019-03-01,GogrialEast,Gogrial East,Warrap,Warrap,235,29,,,,,
2019-03-01,GogrialWest,Gogrial West,Warrap,Warrap,345,33,,,,,
2019-03-01,TonjEast,Tonj East,Warrap,Warrap,73,12,,,,,
2019-03-01,TonjNorth,Tonj North,Warrap,Warrap,378,35,,,,,
2019-03-01,TonjSouth,Tonj South,Warrap,Warrap,91,14,,,,,
2019-03-01,Twic,Twic,Warrap,Warrap,320,40,,,,,
2019-03-01,JurRiver,Jur River,WesternBahrelGhazal,Western Bahr el Ghazal,811,49,,,,,
2019-03-01,Raja,Raja,WesternBahrelGhazal,Western Bahr el Ghazal,345,38,,,,,
2019-03-01,Wau,Wau,WesternBahrelGhazal,Western Bahr el Ghazal,345,46,,,,,
2019-03-01,Ezo,Ezo,WesternEquatoria,Western Equatoria,137,10,,,,,
2019-03-01,Ibba,Ibba,WesternEquatoria,Western Equatoria,89,14,,,,,
2019-03-01,Maridi,Maridi,WesternEquatoria,Western Equatoria,215,19,,,,,
2019-03-01,MundriEast,Mundri East,WesternEquatoria,Western Equatoria,121,11,,,,,
2019-03-01,MundriWest,Mundri West,WesternEquatoria,Western Equatoria,163,16,,,,,
2019-03-01,Mvolo,Mvolo,WesternEquatoria,Western Equatoria,145,14,,,,,
2019-03-01,Nagero,Nagero,WesternEquatoria,Western Equatoria,46,4,,,,,
2019-03-01,Nzara,Nzara,WesternEquatoria,Western Equatoria,141,12,,,,,
2019-03-01,Tambura,Tambura,WesternEquatoria,Western Equatoria,165,12,,,,,
2019-03-01,Yambio,Yambio,WesternEquatoria,Western Equatoria,213,14,,,,,
2019-02-01,Juba,Juba,CentralEquatoria,Central Equatoria,424,28,,,,,
2019-02-01,Kajo_keji,Kajo-keji,CentralEquatoria,Central Equatoria,265,0,,,,,
2019-02-01,Lainya,Lainya,CentralEquatoria,Central Equatoria,217,0,,,,,
2019-02-01,Morobo,Morobo,CentralEquatoria,Central Equatoria,137,0,,,,,
2019-02-01,Terekeka,Terekeka,CentralEquatoria,Central Equatoria,369,25,,,,,
2019-02-01,Yei,Yei,CentralEquatoria,Central Equatoria,254,17,,,,,
2019-02-01,Budi,Budi,EasternEquatoria,Eastern Equatoria,214,5,,,,,
2019-02-01,Ikotos,Ikotos,EasternEquatoria,Eastern Equatoria,231,0,,,,,
2019-02-01,KapoetaEast,Kapoeta East,EasternEquatoria,Eastern Equatoria,501,21,,,,,
2019-02-01,KapoetaNorth,Kapoeta North,EasternEquatoria,Eastern Equatoria,156,20,,,,,
2019-02-01,KapoetaSouth,Kapoeta South,EasternEquatoria,Eastern Equatoria,70,11,,,,,
2019-02-01,Lafon,Lafon,EasternEquatoria,Eastern Equatoria,98,0,,,,,
2019-02-01,Magwi,Magwi,EasternEquatoria,Eastern Equatoria,126,9,,,,,
2019-02-01,Torit,Torit,EasternEquatoria,Eastern Equatoria,240,13,,,,,
2019-02-01,Akobo,Akobo,Jonglei,Jonglei,184,44,,,,,
2019-02-01,Ayod,Ayod,Jonglei,Jonglei,271,43,,,,,
2019-02-01,BorSouth,Bor South,Jonglei,Jonglei,418,42,,,,,
2019-02-01,CanalPigi,Canal/Pigi,Jonglei,Jonglei,128,20,,,,,
2019-02-01,Duk,Duk,Jonglei,Jonglei,126,17,,,,,
2019-02-01,Fangak,Fangak,Jonglei,Jonglei,218,33,,,,,
2019-02-01,Nyirol,Nyirol,Jonglei,Jonglei,222,22,,,,,
2019-02-01,Pibor,Pibor,Jonglei,Jonglei,354,0,,,,,
2019-02-01,Pochalla,Pochalla,Jonglei,Jonglei,75,0,,,,,
2019-02-01,TwicEast,Twic East,Jonglei,Jonglei,222,27,,,,,
2019-02-01,Uror,Uror,Jonglei,Jonglei,212,26,,,,,
2019-02-01,Awerial,Awerial,Lakes,Lakes,187,38,,,,,
2019-02-01,Cueibet,Cueibet,Lakes,Lakes,386,0,,,,,
2019-02-01,RumbekCentre,Rumbek Centre,Lakes,Lakes,366,0,,,,,
2019-02-01,RumbekEast,Rumbek East,Lakes,Lakes,383,0,,,,,
2019-02-01,RumbekNorth,Rumbek North,Lakes,Lakes,114,0,,,,,
2019-02-01,Wulu,Wulu,Lakes,Lakes,136,0,,,,,
2019-02-01,YirolEast,Yirol East,Lakes,Lakes,363,52,,,,,
2019-02-01,YirolWest,Yirol West,Lakes,Lakes,355,49,,,,,
2019-02-01,AweilCentre,Aweil Centre,NorthernBahrelGhazal,Northern Bahr el Ghazal,216,23,,,,,
2019-02-01,AweilEast,Aweil East,NorthernBahrelGhazal,Northern Bahr el Ghazal,711,65,,,,,
2019-02-01,AweilNorth,Aweil North,NorthernBahrelGhazal,Northern Bahr el Ghazal,350,58,,,,,
2019-02-01,AweilSouth,Aweil South,NorthernBahrelGhazal,Northern Bahr el Ghazal,314,23,,,,,
2019-02-01,AweilWest,Aweil West,NorthernBahrelGhazal,Northern Bahr el Ghazal,369,40,,,,,
2019-02-01,Abiemnhom,Abiemnhom,Unity,Unity,24,8,,,,,
2019-02-01,Guit,Guit,Unity,Unity,190,16,,,,,
2019-02-01,Koch,Koch,Unity,Unity,435,23,,,,,
2019-02-01,Leer,Leer,Unity,Unity,342,46,,,,,
2019-02-01,Mayendit,Mayendit,Unity,Unity,362,33,,,,,
2019-02-01,Mayom,Mayom,Unity,Unity,162,11,,,,,
2019-02-01,Panyijiar,Panyijiar,Unity,Unity,472,33,,,,,
2019-02-01,Pariang,Pariang,Unity,Unity,172,31,,,,,
2019-02-01,Rubkona,Rubkona,Unity,Unity,287,22,,,,,
2019-02-01,Baliet,Baliet,UpperNile,Upper Nile,127,4,,,,,
2019-02-01,Fashoda,Fashoda,UpperNile,Upper Nile,199,19,,,,,
2019-02-01,Longochuk,Longochuk,UpperNile,Upper Nile,101,0,,,,,
2019-02-01,LuakpinyNasir,Luakpiny/Nasir,UpperNile,Upper Nile,154,24,,,,,
2019-02-01,Maban,Maban,UpperNile,Upper Nile,122,0,,,,,
2019-02-01,Maiwut,Maiwut,UpperNile,Upper Nile,82,0,,,,,
2019-02-01,Malakal,Malakal,UpperNile,Upper Nile,120,12,,,,,
2019-02-01,Manyo,Manyo,UpperNile,Upper Nile,76,6,,,,,
2019-02-01,Melut,Melut,UpperNile,Upper Nile,216,0,,,,,
2019-02-01,Panyikang,Panyikang,UpperNile,Upper Nile,98,16,,,,,
2019-02-01,Renk,Renk,UpperNile,Upper Nile,278,0,,,,,
2019-02-01,Ulang,Ulang,UpperNile,Upper Nile,138,25,,,,,
2019-02-01,GogrialEast,Gogrial East,Warrap,Warrap,226,18,,,,,
2019-02-01,GogrialWest,Gogrial West,Warrap,Warrap,344,30,,,,,
2019-02-01,TonjEast,Tonj East,Warrap,Warrap,73,9,,,,,
2019-02-01,TonjNorth,Tonj North,Warrap,Warrap,378,29,,,,,
2019-02-01,TonjSouth,Tonj South,Warrap,Warrap,91,12,,,,,
2019-02-01,Twic,Twic,Warrap,Warrap,308,34,,,,,
2019-02-01,JurRiver,Jur River,WesternBahrelGhazal,Western Bahr el Ghazal,811,59,,,,,
2019-02-01,Raja,Raja,WesternBahrelGhazal,Western Bahr el Ghazal,345,48,,,,,
2019-02-01,Wau,Wau,WesternBahrelGhazal,Western Bahr el Ghazal,345,49,,,,,
2019-02-01,Ezo,Ezo,WesternEquatoria,Western Equatoria,137,8,,,,,
2019-02-01,Ibba,Ibba,WesternEquatoria,Western Equatoria,89,9,,,,,
2019-02-01,Maridi,Maridi,WesternEquatoria,Western Equatoria,215,22,,,,,
2019-02-01,MundriEast,Mundri East,WesternEquatoria,Western Equatoria,121,10,,,,,
2019-02-01,MundriWest,Mundri West,WesternEquatoria,Western Equatoria,163,14,,,,,
2019-02-01,Mvolo,Mvolo,WesternEquatoria,Western Equatoria,145,13,,,,,
2019-02-01,Nagero,Nagero,WesternEquatoria,Western Equatoria,46,6,,,,,
2019-02-01,Nzara,Nzara,WesternEquatoria,Western Equatoria,141,14,,,,,
2019-02-01,Tambura,Tambura,WesternEquatoria,Western Equatoria,165,12,,,,,
2019-02-01,Yambio,Yambio,WesternEquatoria,Western Equatoria,213,22,,,,,
2019-01-01,Juba,Juba,CentralEquatoria,Central Equatoria,424,20,,,,,
2019-01-01,Kajo_keji,Kajo-keji,CentralEquatoria,Central Equatoria,265,0,,,,,
2019-01-01,Lainya,Lainya,CentralEquatoria,Central Equatoria,217,0,,,,,
2019-01-01,Morobo,Morobo,CentralEquatoria,Central Equatoria,137,0,,,,,
2019-01-01,Terekeka,Terekeka,CentralEquatoria,Central Equatoria,369,20,,,,,
2019-01-01,Yei,Yei,CentralEquatoria,Central Equatoria,254,14,,,,,
2019-01-01,Budi,Budi,EasternEquatoria,Eastern Equatoria,214,8,,,,,
2019-01-01,Ikotos,Ikotos,EasternEquatoria,Eastern Equatoria,231,0,,,,,
2019-01-01,KapoetaEast,Kapoeta East,EasternEquatoria,Eastern Equatoria,499,24,,,,,
2019-01-01,KapoetaNorth,Kapoeta North,EasternEquatoria,Eastern Equatoria,154,16,,,,,
2019-01-01,KapoetaSouth,Kapoeta South,EasternEquatoria,Eastern Equatoria,70,7,,,,,
2019-01-01,Lafon,Lafon,EasternEquatoria,Eastern Equatoria,98,0,,,,,
2019-01-01,Magwi,Magwi,EasternEquatoria,Eastern Equatoria,126,7,,,,,
2019-01-01,Torit,Torit,EasternEquatoria,Eastern Equatoria,240,13,,,,,
2019-01-01,Akobo,Akobo,Jonglei,Jonglei,184,38,,,,,
2019-01-01,Ayod,Ayod,Jonglei,Jonglei,271,42,,,,,
2019-01-01,BorSouth,Bor South,Jonglei,Jonglei,418,39,,,,,
2019-01-01,CanalPigi,Canal/Pigi,Jonglei,Jonglei,128,13,,,,,
2019-01-01,Duk,Duk,Jonglei,Jonglei,126,19,,,,,
2019-01-01,Fangak,Fangak,Jonglei,Jonglei,218,32,,,,,
2019-01-01,Nyirol,Nyirol,Jonglei,Jonglei,222,17,,,,,
2019-01-01,Pibor,Pibor,Jonglei,Jonglei,354,0,,,,,
2019-01-01,Pochalla,Pochalla,Jonglei,Jonglei,75,0,,,,,
2019-01-01,TwicEast,Twic East,Jonglei,Jonglei,222,24,,,,,
2019-01-01,Uror,Uror,Jonglei,Jonglei,212,27,,,,,
2019-01-01,Awerial,Awerial,Lakes,Lakes,186,39,,,,,
2019-01-01,Cueibet,Cueibet,Lakes,Lakes,386,0,,,,,
2019-01-01,RumbekCentre,Rumbek Centre,Lakes,Lakes,366,0,,,,,
2019-01-01,RumbekEast,Rumbek East,Lakes,Lakes,383,0,,,,,
2019-01-01,RumbekNorth,Rumbek North,Lakes,Lakes,114,0,,,,,
2019-01-01,Wulu,Wulu,Lakes,Lakes,136,0,,,,,
2019-01-01,YirolEast,Yirol East,Lakes,Lakes,363,53,,,,,
2019-01-01,YirolWest,Yirol West,Lakes,Lakes,355,50,,,,,
2019-01-01,AweilCentre,Aweil Centre,NorthernBahrelGhazal,Northern Bahr el Ghazal,214,19,,,,,
2019-01-01,AweilEast,Aweil East,NorthernBahrelGhazal,Northern Bahr el Ghazal,710,48,,,,,
2019-01-01,AweilNorth,Aweil North,NorthernBahrelGhazal,Northern Bahr el Ghazal,348,32,,,,,
2019-01-01,AweilSouth,Aweil South,NorthernBahrelGhazal,Northern Bahr el Ghazal,314,23,,,,,
2019-01-01,AweilWest,Aweil West,NorthernBahrelGhazal,Northern Bahr el Ghazal,366,28,,,,,
2019-01-01,Abiemnhom,Abiemnhom,Unity,Unity,21,9,,,,,
2019-01-01,Guit,Guit,Unity,Unity,190,12,,,,,
2019-01-01,Koch,Koch,Unity,Unity,435,25,,,,,
2019-01-01,Leer,Leer,Unity,Unity,342,44,,,,,
2019-01-01,Mayendit,Mayendit,Unity,Unity,362,37,,,,,
2019-01-01,Mayom,Mayom,Unity,Unity,162,20,,,,,
2019-01-01,Panyijiar,Panyijiar,Unity,Unity,472,30,,,,,
2019-01-01,Pariang,Pariang,Unity,Unity,169,26,,,,,
2019-01-01,Rubkona,Rubkona,Unity,Unity,287,24,,,,,
2019-01-01,Baliet,Baliet,UpperNile,Upper Nile,127,4,,,,,
2019-01-01,Fashoda,Fashoda,UpperNile,Upper Nile,199,26,,,,,
2019-01-01,Longochuk,Longochuk,UpperNile,Upper Nile,101,0,,,,,
2019-01-01,LuakpinyNasir,Luakpiny/Nasir,UpperNile,Upper Nile,154,23,,,,,
2019-01-01,Maban,Maban,UpperNile,Upper Nile,122,0,,,,,
2019-01-01,Maiwut,Maiwut,UpperNile,Upper Nile,82,0,,,,,
2019-01-01,Malakal,Malakal,UpperNile,Upper Nile,120,13,,,,,
2019-01-01,Manyo,Manyo,UpperNile,Upper Nile,76,6,,,,,
2019-01-01,Melut,Melut,UpperNile,Upper Nile,216,0,,,,,
2019-01-01,Panyikang,Panyikang,UpperNile,Upper Nile,98,20,,,,,
2019-01-01,Renk,Renk,UpperNile,Upper Nile,278,0,,,,,
2019-01-01,Ulang,Ulang,UpperNile,Upper Nile,138,23,,,,,
2019-01-01,GogrialEast,Gogrial East,Warrap,Warrap,224,17,,,,,
2019-01-01,GogrialWest,Gogrial West,Warrap,Warrap,336,28,,,,,
2019-01-01,TonjEast,Tonj East,Warrap,Warrap,73,12,,,,,
2019-01-01,TonjNorth,Tonj North,Warrap,Warrap,378,29,,,,,
2019-01-01,TonjSouth,Tonj South,Warrap,Warrap,91,12,,,,,
2019-01-01,Twic,Twic,Warrap,Warrap,303,34,,,,,
2019-01-01,JurRiver,Jur River,WesternBahrelGhazal,Western Bahr el Ghazal,811,54,,,,,
2019-01-01,Raja,Raja,WesternBahrelGhazal,Western Bahr el Ghazal,345,44,,,,,
2019-01-01,Wau,Wau,WesternBahrelGhazal,Western Bahr el Ghazal,345,53,,,,,
2019-01-01,Ezo,Ezo,WesternEquatoria,Western Equatoria,137,11,,,,,
2019-01-01,Ibba,Ibba,WesternEquatoria,Western Equatoria,89,16,,,,,
2019-01-01,Maridi,Maridi,WesternEquatoria,Western Equatoria,215,13,,,,,
2019-01-01,MundriEast,Mundri East,WesternEquatoria,Western Equatoria,121,11,,,,,
2019-01-01,MundriWest,Mundri West,WesternEquatoria,Western Equatoria,163,16,,,,,
2019-01-01,Mvolo,Mvolo,WesternEquatoria,Western Equatoria,145,10,,,,,
2019-01-01,Nagero,Nagero,WesternEquatoria,Western Equatoria,46,6,,,,,
2019-01-01,Nzara,Nzara,WesternEquatoria,Western Equatoria,140,14,,,,,
2019-01-01,Tambura,Tambura,WesternEquatoria,Western Equatoria,165,12,,,,,
2019-01-01,Yambio,Yambio,WesternEquatoria,Western Equatoria,213,16,,,,,